ID jogo;Data;Jogo;Jogador;Seleção;Tipo de desempenho;Detalhe pesquisado;Fonte
1;2026-06-11;México 2-0 África do Sul;Julián Quiñones;México;Gol/Destaque;Abriu o placar e participou do domínio ofensivo mexicano.;https://www.si.com/soccer/mexico-player-ratings-2-0-win-south-africa
1;2026-06-11;México 2-0 África do Sul;Raúl Jiménez;México;Gol;Marcou o segundo gol e consolidou a vitória.;https://www.si.com/soccer/mexico-player-ratings-2-0-win-south-africa
1;2026-06-11;México 2-0 África do Sul;Jogadores expulsos da África do Sul;África do Sul;Disciplina negativa;Três expulsões prejudicaram reação e organização da equipe.;https://www.theguardian.com/football/live/2026/jun/11/mexico-v-south-africa-world-cup-2026-opening-game-live
2;2026-06-11;República da Coreia 2-1 Tchéquia;Hwang In-beom;República da Coreia;Gol + assistência;Empatou e depois serviu Oh Hyeon-gyu no gol da virada.;https://www.theguardian.com/football/2026/jun/11/south-korea-czech-republic-world-cup-2026-match-report
2;2026-06-11;República da Coreia 2-1 Tchéquia;Oh Hyeon-gyu;República da Coreia;Gol/Destaque de banco;Entrou e marcou o gol da vitória.;https://www.theguardian.com/football/2026/jun/11/south-korea-czech-republic-world-cup-2026-match-report
2;2026-06-11;República da Coreia 2-1 Tchéquia;Ladislav Krejčí;Tchéquia;Gol;Abriu o placar para a Tchéquia.;https://www.theguardian.com/football/2026/jun/11/south-korea-czech-republic-world-cup-2026-match-report
3;2026-06-12;Canadá 1-1 Bósnia e Herzegovina;Jovo Lukić;Bósnia e Herzegovina;Gol;Marcou aos 21 minutos e deu vantagem à Bósnia.;https://www.si.com/soccer/canada-player-ratings-1-1-draw-bosnia-and-herzegovina
3;2026-06-12;Canadá 1-1 Bósnia e Herzegovina;Cyle Larin;Canadá;Gol;Empatou aos 78 minutos.;https://www.si.com/soccer/canada-player-ratings-1-1-draw-bosnia-and-herzegovina
3;2026-06-12;Canadá 1-1 Bósnia e Herzegovina;Maxime Crépeau;Canadá;Defesa/Destaque;Teve atuação elogiada e defesa importante em mano a mano.;https://www.si.com/soccer/canada-player-ratings-1-1-draw-bosnia-and-herzegovina
3;2026-06-12;Canadá 1-1 Bósnia e Herzegovina;Stephen Eustáquio;Canadá;Liderança;Capitaneou e organizou o meio canadense.;https://www.si.com/soccer/canada-player-ratings-1-1-draw-bosnia-and-herzegovina
4;2026-06-12;Estados Unidos 4-1 Paraguai;Alex Freeman;Estados Unidos;Destaque;Recebeu avaliação alta pela atuação completa.;https://www.foxsports.com/stories/soccer/usmnt-player-ratings-usa-4-1-paraguay
4;2026-06-12;Estados Unidos 4-1 Paraguai;Christian Pulisic;Estados Unidos;Criação;Teve influência ofensiva no ritmo e nas associações.;https://www.foxsports.com/stories/soccer/usmnt-player-ratings-usa-4-1-paraguay
4;2026-06-12;Estados Unidos 4-1 Paraguai;Folarin Balogun;Estados Unidos;2 gols;Marcou duas vezes no primeiro tempo e foi o principal finalizador.;https://www.foxsports.com/stories/soccer/usmnt-player-ratings-usa-4-1-paraguay
4;2026-06-12;Estados Unidos 4-1 Paraguai;Gio Reyna;Estados Unidos;Gol/Destaque;Entrou/participou tarde e marcou nos acréscimos.;https://www.socceramerica.com/usa-paraguay-fifa-world-cup-player-ratings/
4;2026-06-12;Estados Unidos 4-1 Paraguai;Mauricio;Paraguai;Gol;Marcou o gol paraguaio aos 73 minutos.;https://www.socceramerica.com/usa-paraguay-fifa-world-cup-player-ratings/
5;2026-06-13;Catar 1-1 Suíça;Boualem Khoukhi;Catar;Pressão ofensiva;Pressionou Muheim no lance do empate.;https://www.theguardian.com/football/2026/jun/13/qatar-switzerland-world-cup-2026-match-report
5;2026-06-13;Catar 1-1 Suíça;Homam Ahmed;Catar;Construção do gol;Cruzamento originou o lance do empate.;https://www.theguardian.com/football/2026/jun/13/qatar-switzerland-world-cup-2026-match-report
5;2026-06-13;Catar 1-1 Suíça;Breel Embolo;Suíça;Gol;Converteu pênalti aos 17 minutos.;https://www.theguardian.com/football/2026/jun/13/qatar-switzerland-world-cup-2026-match-report
5;2026-06-13;Catar 1-1 Suíça;Miro Muheim;Suíça;Gol contra;Foi creditado com gol contra nos acréscimos.;https://www.theguardian.com/football/2026/jun/13/qatar-switzerland-world-cup-2026-match-report
6;2026-06-13;Brasil 1-1 Marrocos;Bruno Guimarães;Brasil;Assistência;Serviu Vinícius Jr. no gol brasileiro.;https://www.theguardian.com/football/2026/jun/13/brazil-morocco-world-cup-2026-match-report
6;2026-06-13;Brasil 1-1 Marrocos;Vinícius Jr.;Brasil;Gol/Destaque;Cortou para dentro e finalizou no alto para empatar.;https://www.theguardian.com/football/2026/jun/13/brazil-morocco-world-cup-2026-match-report
6;2026-06-13;Brasil 1-1 Marrocos;Brahim Díaz;Marrocos;Assistência;Participou do lance do gol marroquino.;https://www.theguardian.com/football/2026/jun/13/brazil-morocco-world-cup-2026-match-report
6;2026-06-13;Brasil 1-1 Marrocos;Ismael Saibari;Marrocos;Gol;Abriu o placar para Marrocos.;https://www.theguardian.com/football/2026/jun/13/brazil-morocco-world-cup-2026-match-report
7;2026-06-13;Haiti 0-1 Escócia;John McGinn;Escócia;Gol decisivo;Marcou o gol que deu à Escócia sua primeira vitória em Copa desde 1990.;https://www.skysports.com/football/news/11095/13549488/world-cup-2026-scotland-1-0-haiti-john-mcginn-scores-winner-as-steve-clarkes-side-secure-first-win-since-1990
8;2026-06-14;Austrália 2-0 Turquia;Connor Metcalfe;Austrália;Gol;Fez o segundo gol australiano.;https://www.theguardian.com/football/2026/jun/14/australia-turkey-player-ratings-world-cup-2026
8;2026-06-14;Austrália 2-0 Turquia;Nestory Irankunda;Austrália;Gol/Destaque;Marcou em jogada individual e tornou-se o australiano mais jovem a marcar em Copa.;https://www.theguardian.com/football/2026/jun/14/australia-turkey-player-ratings-world-cup-2026
8;2026-06-14;Austrália 2-0 Turquia;Patrick Beach;Austrália;Goleiro/Destaque;Fez defesas importantes e sustentou o clean sheet.;https://www.theguardian.com/football/2026/jun/14/australia-turkey-player-ratings-world-cup-2026
8;2026-06-14;Austrália 2-0 Turquia;Arda Güler;Turquia;Criação/Destaque rival;Foi o melhor turco nas avaliações públicas consultadas.;https://www.theguardian.com/football/2026/jun/14/australia-turkey-player-ratings-world-cup-2026
9;2026-06-14;Alemanha 7-1 Curaçao;Deniz Undav;Alemanha;Gol + assistência;Entrou/participou da goleada com gol e assistência.;https://www.espn.com/soccer/report/_/gameId/773857
9;2026-06-14;Alemanha 7-1 Curaçao;Jamal Musiala;Alemanha;Gol;Marcou em vitória dominante.;https://www.espn.com/soccer/report/_/gameId/773857
9;2026-06-14;Alemanha 7-1 Curaçao;Kai Havertz;Alemanha;2 gols;Marcou duas vezes, incluindo cobrança de pênalti.;https://www.espn.com/soccer/report/_/gameId/773857
9;2026-06-14;Alemanha 7-1 Curaçao;Nathaniel Brown;Alemanha;Gol;Fez um dos gols da goleada.;https://www.espn.com/soccer/report/_/gameId/773857
9;2026-06-14;Alemanha 7-1 Curaçao;Nico Schlotterbeck;Alemanha;Gol;Contribuiu no placar em lance de bola parada/defensivo.;https://www.espn.com/soccer/report/_/gameId/773857
9;2026-06-14;Alemanha 7-1 Curaçao;Livano Comenencia;Curaçao;Gol;Marcou o gol de honra de Curaçao.;https://www.espn.com/soccer/report/_/gameId/773857
10;2026-06-14;Holanda 2-2 Japão;Crysencio Summerville;Holanda;Gol;Recolocou a Holanda em vantagem.;https://www.theguardian.com/football/2026/jun/14/netherlands-japan-world-cup-2026-match-report
10;2026-06-14;Holanda 2-2 Japão;Virgil van Dijk;Holanda;Gol;Abriu o placar holandês no segundo tempo.;https://www.theguardian.com/football/2026/jun/14/netherlands-japan-world-cup-2026-match-report
10;2026-06-14;Holanda 2-2 Japão;Daichi Kamada;Japão;Gol decisivo;Fez o empate nos minutos finais.;https://www.theguardian.com/football/2026/jun/14/netherlands-japan-world-cup-2026-match-report
10;2026-06-14;Holanda 2-2 Japão;Keito Nakamura;Japão;Gol;Empatou após o primeiro gol holandês.;https://www.theguardian.com/football/2026/jun/14/netherlands-japan-world-cup-2026-match-report
11;2026-06-14;Costa do Marfim 1-0 Equador;Amad Diallo;Costa do Marfim;Gol decisivo;Marcou o gol da vitória aos 90 minutos.;https://www.skysports.com/football/news/12040/13550087/world-cup-2026-ivory-coast-1-0-ecuador-amad-diallo-scores-late-winner
11;2026-06-14;Costa do Marfim 1-0 Equador;Alan Minda;Equador;Chance criada;Também parou no travessão no começo do jogo.;https://www.skysports.com/football/news/12040/13550087/world-cup-2026-ivory-coast-1-0-ecuador-amad-diallo-scores-late-winner
11;2026-06-14;Costa do Marfim 1-0 Equador;John Yeboah;Equador;Chance criada;Acertou o travessão em bom momento equatoriano.;https://www.skysports.com/football/news/12040/13550087/world-cup-2026-ivory-coast-1-0-ecuador-amad-diallo-scores-late-winner
12;2026-06-14;Suécia 5-1 Tunísia;Alexander Isak;Suécia;Gol/Destaque;Marcou e comandou o ataque.;https://www.espn.com/soccer/report/_/gameId/773850
12;2026-06-14;Suécia 5-1 Tunísia;Viktor Gyökeres;Suécia;Gol/Destaque;Participou da pressão ofensiva e também balançou a rede.;https://www.espn.com/soccer/report/_/gameId/773850
12;2026-06-14;Suécia 5-1 Tunísia;Yasin Ayari;Suécia;2 gols/Destaque;Foi o principal nome da goleada sueca.;https://www.espn.com/soccer/report/_/gameId/773850
13;2026-06-15;Espanha 0-0 Cabo Verde;Vozinha;Cabo Verde;Goleiro/MVP;Fez múltiplas defesas e garantiu clean sheet histórico.;https://www.espn.com/soccer/match/_/gameId/773864/spain-cape-verde-islands
13;2026-06-15;Espanha 0-0 Cabo Verde;Ferran Torres;Espanha;Finalização/baixo aproveitamento;Participou do volume espanhol, mas sem converter chances.;https://www.goal.com/en/lists/spain-player-ratings-cape-verde-lamine-yamal-gavi-ferran-torres/blt9ecff73b88b4287a
13;2026-06-15;Espanha 0-0 Cabo Verde;Gavi;Espanha;Rendimento abaixo;Foi citado em ratings como abaixo do esperado pela dificuldade espanhola na criação.;https://www.goal.com/en/lists/spain-player-ratings-cape-verde-lamine-yamal-gavi-ferran-torres/blt9ecff73b88b4287a
13;2026-06-15;Espanha 0-0 Cabo Verde;Lamine Yamal;Espanha;Impacto tardio;Entrou/participou em momento posterior, mas não conseguiu romper o bloqueio.;https://www.goal.com/en/lists/spain-player-ratings-cape-verde-lamine-yamal-gavi-ferran-torres/blt9ecff73b88b4287a
14;2026-06-15;Bélgica 1-1 Egito;Romelu Lukaku;Bélgica;Impacto de banco;Sua entrada aumentou presença ofensiva e antecedeu o gol belga.;https://www.espn.com/soccer/report/_/gameId/773865
14;2026-06-15;Bélgica 1-1 Egito;Emam Ashour;Egito;Gol;Finalizou de fora/abriu o placar no primeiro tempo.;https://www.espn.com/soccer/report/_/gameId/773865
14;2026-06-15;Bélgica 1-1 Egito;Mohamed Hany;Egito;Gol contra;Foi creditado com o gol contra que empatou o jogo.;https://www.espn.com/soccer/report/_/gameId/773865
15;2026-06-15;Arábia Saudita 1-1 Uruguai;Abdulelah Al-Amri;Arábia Saudita;Gol;Marcou no primeiro tempo.;https://theanalyst.com/na/2026/06/saudi-arabia-uruguay-stats-world-cup-2026
15;2026-06-15;Arábia Saudita 1-1 Uruguai;Maxi Araújo;Uruguai;Gol decisivo;Empatou nos minutos finais após pressão uruguaia.;https://theanalyst.com/na/2026/06/saudi-arabia-uruguay-stats-world-cup-2026
16;2026-06-15;Irã 2-2 Nova Zelândia;Mohammad Mohebbi;Irã;Gol;Fez o segundo empate iraniano, de cabeça.;https://www.espn.com/soccer/report/_/gameId/773863
16;2026-06-15;Irã 2-2 Nova Zelândia;Ramin Rezaeian;Irã;Gol + volume de cruzamentos;Marcou e foi fonte recorrente de bolas na área.;https://www.espn.com/soccer/report/_/gameId/773863
16;2026-06-15;Irã 2-2 Nova Zelândia;Elijah Just;Nova Zelândia;2 gols;Marcou os dois gols neozelandeses.;https://www.espn.com/soccer/report/_/gameId/773863
16;2026-06-15;Irã 2-2 Nova Zelândia;Marko Stamenic;Nova Zelândia;Controle de meio;Teve alta participação de passes na construção.;https://www.espn.com/soccer/report/_/gameId/773863
17;2026-06-16;França 3-1 Senegal;Bradley Barcola;França;Gol;Marcou o segundo gol francês.;https://www.theguardian.com/football/2026/jun/16/france-senegal-world-cup-2026-match-report
17;2026-06-16;França 3-1 Senegal;Kylian Mbappé;França;2 gols/Destaque;Marcou duas vezes e passou a liderar marca histórica francesa.;https://www.theguardian.com/football/2026/jun/16/france-senegal-world-cup-2026-match-report
17;2026-06-16;França 3-1 Senegal;Michael Olise;França;Assistência/criação;Participou da construção do gol de Mbappé.;https://www.theguardian.com/football/2026/jun/16/france-senegal-world-cup-2026-match-report
17;2026-06-16;França 3-1 Senegal;Ibrahim Mbaye;Senegal;Gol;Marcou nos acréscimos para Senegal.;https://www.theguardian.com/football/2026/jun/16/france-senegal-world-cup-2026-match-report
18;2026-06-16;Iraque 1-4 Noruega;Aymen Hussein;Iraque;Gol;Marcou o gol iraquiano que chegou a empatar o jogo.;https://www.theguardian.com/football/2026/jun/16/iraq-norway-world-cup-2026-match-report
18;2026-06-16;Iraque 1-4 Noruega;Erling Haaland;Noruega;2 gols/Destaque;Marcou duas vezes e liderou vitória norueguesa.;https://www.theguardian.com/football/2026/jun/16/iraq-norway-world-cup-2026-match-report
19;2026-06-16;Argentina 3-0 Argélia;Lionel Messi;Argentina;Hat-trick/MVP;Fez três gols e igualou marca histórica de gols em Copas.;https://www.espn.com/soccer/story/_/id/49050456/lionel-messi-hat-trick-argentina-algeria-world-cup
20;2026-06-17;Áustria 3-1 Jordânia;Ali Olwan;Jordânia;Gol histórico;Marcou o primeiro gol masculino da Jordânia em Copa.;https://rg.org/news/soccer/austria-vs-jordan-world-cup-2026-match-report
20;2026-06-17;Áustria 3-1 Jordânia;Yazan Al-Arab;Jordânia;Gol contra;Gol contra recolocou Áustria em vantagem.;https://rg.org/news/soccer/austria-vs-jordan-world-cup-2026-match-report
20;2026-06-17;Áustria 3-1 Jordânia;Marko Arnautović;Áustria;Gol de pênalti;Fechou o placar nos acréscimos.;https://rg.org/news/soccer/austria-vs-jordan-world-cup-2026-match-report
20;2026-06-17;Áustria 3-1 Jordânia;Romano Schmid;Áustria;Gol;Abriu o placar austríaco.;https://rg.org/news/soccer/austria-vs-jordan-world-cup-2026-match-report
21;2026-06-17;Portugal 1-1 RD do Congo;Cristiano Ronaldo;Portugal;Finalização abaixo;Teve chances de perto, mas não converteu.;https://www.aljazeera.com/sports/liveblog/2026/6/17/live-portugal-vs-dr-congo-fifa-world-cup-2026
21;2026-06-17;Portugal 1-1 RD do Congo;João Neves;Portugal;Gol;Marcou cedo para Portugal.;https://www.aljazeera.com/sports/liveblog/2026/6/17/live-portugal-vs-dr-congo-fifa-world-cup-2026
21;2026-06-17;Portugal 1-1 RD do Congo;Cédric Bakambu;RD do Congo;Chance importante;Acertou a trave e incomodou a defesa portuguesa.;https://www.aljazeera.com/sports/liveblog/2026/6/17/live-portugal-vs-dr-congo-fifa-world-cup-2026
21;2026-06-17;Portugal 1-1 RD do Congo;Yoane Wissa;RD do Congo;Gol histórico;Empatou nos acréscimos do primeiro tempo.;https://www.aljazeera.com/sports/liveblog/2026/6/17/live-portugal-vs-dr-congo-fifa-world-cup-2026
22;2026-06-17;Inglaterra 4-2 Croácia;Dominik Livaković;Croácia;Goleiro/Destaque rival;Fez grande partida apesar de sofrer quatro gols.;https://www.theguardian.com/football/2026/jun/17/england-croatia-player-ratings-world-cup-2026
22;2026-06-17;Inglaterra 4-2 Croácia;Harry Kane;Inglaterra;2 gols/MVP;Fez dois gols e recebeu a maior avaliação entre os ingleses.;https://www.theguardian.com/football/2026/jun/17/england-croatia-player-ratings-world-cup-2026
22;2026-06-17;Inglaterra 4-2 Croácia;Jude Bellingham;Inglaterra;Gol/recuperação;Errou em lance defensivo, mas compensou com belo gol.;https://www.theguardian.com/football/2026/jun/17/england-croatia-player-ratings-world-cup-2026
22;2026-06-17;Inglaterra 4-2 Croácia;Marcus Rashford;Inglaterra;Gol;Fechou o placar para a Inglaterra.;https://www.theguardian.com/football/2026/jun/17/england-croatia-player-ratings-world-cup-2026
22;2026-06-17;Inglaterra 4-2 Croácia;Noni Madueke;Inglaterra;Destaque ofensivo;Foi um dos melhores em progressão e desequilíbrio.;https://www.theguardian.com/football/2026/jun/17/england-croatia-player-ratings-world-cup-2026
23;2026-06-17;Gana 1-0 Panamá;Brandon Thomas-Asante;Gana;Assistência;Deu o cruzamento/passe para o gol decisivo.;https://www.theguardian.com/football/2026/jun/17/ghana-panama-world-cup-2026-match-report
23;2026-06-17;Gana 1-0 Panamá;Caleb Yirenkyi;Gana;Gol decisivo;Marcou aos 90+5 e decidiu a partida.;https://www.theguardian.com/football/2026/jun/17/ghana-panama-world-cup-2026-match-report
24;2026-06-17;Uzbequistão 1-3 Colômbia;Juan Camilo Hernández;Colômbia;Assistência/criação;Foi decisivo no lance final para Campaz.;https://www.theguardian.com/football/live/2026/jun/17/uzbekistan-v-colombia-world-cup-2026-live
24;2026-06-17;Uzbequistão 1-3 Colômbia;Jáminton Campaz;Colômbia;Gol;Fez gol no fim, após lance construído por Hernández.;https://www.theguardian.com/football/live/2026/jun/17/uzbekistan-v-colombia-world-cup-2026-live
24;2026-06-17;Uzbequistão 1-3 Colômbia;Luis Díaz;Colômbia;Gol + assistência;Marcou e criou outro gol colombiano.;https://www.theguardian.com/football/live/2026/jun/17/uzbekistan-v-colombia-world-cup-2026-live
25;2026-06-18;Tchéquia 1-1 África do Sul;Michal Sadílek;Tchéquia;Gol;Marcou cedo para a Tchéquia.;https://www.espn.com/soccer/report/_/gameId/773846
25;2026-06-18;Tchéquia 1-1 África do Sul;Patrik Schick;Tchéquia;Finalização abaixo;Teve chances, mas passou em branco.;https://www.espn.com/soccer/report/_/gameId/773846
25;2026-06-18;Tchéquia 1-1 África do Sul;Teboho Mokoena;África do Sul;Gol de pênalti;Converteu a penalidade do empate.;https://www.espn.com/soccer/report/_/gameId/773846
26;2026-06-18;Suíça 4-1 Bósnia e Herzegovina;H. Muharemović;Bósnia e Herzegovina;Cartão vermelho;Expulsão prejudicou a Bósnia na reta final.;https://www.espn.com/soccer/report/_/gameId/773847
26;2026-06-18;Suíça 4-1 Bósnia e Herzegovina;Mahmić;Bósnia e Herzegovina;Gol;Marcou o gol bósnio nos acréscimos.;https://www.espn.com/soccer/report/_/gameId/773847
26;2026-06-18;Suíça 4-1 Bósnia e Herzegovina;Granit Xhaka;Suíça;Gol de pênalti;Fechou o placar em cobrança de pênalti.;https://www.espn.com/soccer/report/_/gameId/773847
26;2026-06-18;Suíça 4-1 Bósnia e Herzegovina;Johan Manzambi;Suíça;2 gols/Destaque;Entrou e marcou duas vezes, incluindo voleio elogiado.;https://www.espn.com/soccer/report/_/gameId/773847
26;2026-06-18;Suíça 4-1 Bósnia e Herzegovina;Rubén Vargas;Suíça;Gol de banco;Entrou e marcou em impacto imediato.;https://www.espn.com/soccer/report/_/gameId/773847
27;2026-06-18;Canadá 6-0 Catar;Cyle Larin;Canadá;Gol;Também marcou na vitória ampla.;https://www.theguardian.com/football/2026/jun/18/canada-qatar-world-cup-2026-match-report
27;2026-06-18;Canadá 6-0 Catar;Ismaël Koné;Canadá;Lesão;Sofreu lesão grave/impactante citada nas reportagens.;https://www.theguardian.com/football/2026/jun/18/canada-qatar-world-cup-2026-match-report
27;2026-06-18;Canadá 6-0 Catar;Jonathan David;Canadá;Hat-trick/MVP;Fez três gols na goleada canadense.;https://www.theguardian.com/football/2026/jun/18/canada-qatar-world-cup-2026-match-report
27;2026-06-18;Canadá 6-0 Catar;Nathan Saliba;Canadá;Gol;Contribuiu para o placar histórico.;https://www.theguardian.com/football/2026/jun/18/canada-qatar-world-cup-2026-match-report
28;2026-06-18;México 1-0 República da Coreia;Julián Quiñones;México;Construção do gol;Cruzamento originou o lance de Romo.;https://www.theguardian.com/football/2026/jun/18/mexico-south-korea-world-cup-2026-match-report
28;2026-06-18;México 1-0 República da Coreia;Luis Romo;México;Gol decisivo;Aproveitou sobra após cruzamento e marcou o único gol.;https://www.theguardian.com/football/2026/jun/18/mexico-south-korea-world-cup-2026-match-report
28;2026-06-18;México 1-0 República da Coreia;Kim Seung-gyu;República da Coreia;Erro no lance do gol;Não segurou o cruzamento que gerou a sobra.;https://www.theguardian.com/football/2026/jun/18/mexico-south-korea-world-cup-2026-match-report
29;2026-06-19;Estados Unidos 2-0 Austrália;Cameron Burgess;Austrália;Gol contra;Abriu o placar contra a própria equipe.;https://www.theguardian.com/football/2026/jun/19/usa-australia-player-ratings-world-cup-2026
29;2026-06-19;Estados Unidos 2-0 Austrália;Patrick Beach;Austrália;Goleiro;Mesmo derrotado, teve atuação observada em avaliações.;https://www.theguardian.com/football/2026/jun/19/usa-australia-player-ratings-world-cup-2026
29;2026-06-19;Estados Unidos 2-0 Austrália;Alex Freeman;Estados Unidos;Gol/Destaque;Foi um dos melhores e marcou/participou do segundo gol.;https://www.theguardian.com/football/2026/jun/19/usa-australia-player-ratings-world-cup-2026
29;2026-06-19;Estados Unidos 2-0 Austrália;Folarin Balogun;Estados Unidos;Destaque ofensivo;Manteve nível alto de centroavante completo.;https://www.theguardian.com/football/2026/jun/19/usa-australia-player-ratings-world-cup-2026
30;2026-06-19;Escócia 0-1 Marrocos;Angus Gunn;Escócia;Goleiro/Destaque;Fez defesa importante contra Hakimi e evitou placar maior.;https://www.theguardian.com/football/2026/jun/19/scotland-morocco-world-cup-2026-match-report
30;2026-06-19;Escócia 0-1 Marrocos;Achraf Hakimi;Marrocos;Apoio ofensivo;Ameaçou pelo corredor e exigiu defesa de Gunn.;https://www.theguardian.com/football/2026/jun/19/scotland-morocco-world-cup-2026-match-report
30;2026-06-19;Escócia 0-1 Marrocos;Ismael Saibari;Marrocos;Gol decisivo;Marcou por volta de 72 segundos e decidiu o jogo.;https://www.theguardian.com/football/2026/jun/19/scotland-morocco-world-cup-2026-match-report
31;2026-06-19;Brasil 3-0 Haiti;Matheus Cunha;Brasil;2 gols/MVP;Marcou duas vezes e emergiu como destaque brasileiro.;https://www.busbybabe.com/2026/6/19/24448120/world-cup-2026-brazil-haiti-matheus-cunha
31;2026-06-19;Brasil 3-0 Haiti;Vinícius Jr.;Brasil;Gol;Fez o terceiro gol antes do intervalo.;https://www.busbybabe.com/2026/6/19/24448120/world-cup-2026-brazil-haiti-matheus-cunha
32;2026-06-20;Turquia 0-1 Paraguai;Matías Galarza;Paraguai;Gol decisivo;Marcou nos primeiros segundos/minutos e decidiu a partida.;https://www.theguardian.com/football/2026/jun/20/turkey-paraguay-world-cup-2026-match-report
32;2026-06-20;Turquia 0-1 Paraguai;Miguel Almirón;Paraguai;Cartão vermelho;Expulsão deixou Paraguai com um a menos.;https://www.theguardian.com/football/2026/jun/20/turkey-paraguay-world-cup-2026-match-report
32;2026-06-20;Turquia 0-1 Paraguai;Arda Güler;Turquia;Criação;Liderou volume de cruzamentos/tentativas turcas.;https://www.theguardian.com/football/2026/jun/20/turkey-paraguay-world-cup-2026-match-report
33;2026-06-20;Holanda 5-1 Suécia;Brian Brobbey;Holanda;2 gols;Marcou duas vezes rapidamente.;https://www.reuters.com/sports/soccer/netherlands-thrash-sweden-5-1-world-cup-2026-2026-06-20/
33;2026-06-20;Holanda 5-1 Suécia;Cody Gakpo;Holanda;2 gols;Fez dois gols no segundo tempo.;https://www.reuters.com/sports/soccer/netherlands-thrash-sweden-5-1-world-cup-2026-2026-06-20/
33;2026-06-20;Holanda 5-1 Suécia;Crysencio Summerville;Holanda;Gol;Fez o quinto gol holandês.;https://www.reuters.com/sports/soccer/netherlands-thrash-sweden-5-1-world-cup-2026-2026-06-20/
33;2026-06-20;Holanda 5-1 Suécia;Denzel Dumfries;Holanda;2 assistências/Destaque;Foi forte em apoio e também defensivamente.;https://www.reuters.com/sports/soccer/netherlands-thrash-sweden-5-1-world-cup-2026-2026-06-20/
33;2026-06-20;Holanda 5-1 Suécia;Anthony Elanga;Suécia;Gol;Marcou o gol de consolação sueco.;https://www.reuters.com/sports/soccer/netherlands-thrash-sweden-5-1-world-cup-2026-2026-06-20/
34;2026-06-20;Alemanha 2-1 Costa do Marfim;Deniz Undav;Alemanha;2 gols de banco/MVP;Virou o jogo com gols aos 68 e nos acréscimos.;https://www.reuters.com/sports/soccer/germany-beat-ivory-coast-2-1-world-cup-2026-2026-06-20/
34;2026-06-20;Alemanha 2-1 Costa do Marfim;Franck Kessié;Costa do Marfim;Gol;Abriu o placar aproveitando rebote.;https://www.reuters.com/sports/soccer/germany-beat-ivory-coast-2-1-world-cup-2026-2026-06-20/
35;2026-06-20;Equador 0-0 Curaçao;Eloy Room;Curaçao;Goleiro/MVP;Fez 15 defesas e garantiu o primeiro ponto de Curaçao.;https://www.theguardian.com/football/2026/jun/20/ecuador-curacao-world-cup-2026-match-report
36;2026-06-21;Tunísia 0-4 Japão;Ayase Ueda;Japão;2 gols/MVP;Marcou duas vezes na goleada.;https://www.theguardian.com/football/2026/jun/21/tunisia-japan-world-cup-2026-match-report
36;2026-06-21;Tunísia 0-4 Japão;Daichi Kamada;Japão;Gol cedo;Fez um dos gols mais rápidos do Japão em Copas.;https://www.theguardian.com/football/2026/jun/21/tunisia-japan-world-cup-2026-match-report
36;2026-06-21;Tunísia 0-4 Japão;Junya Ito;Japão;Gol;Marcou após jogada trabalhada/flick de Ueda.;https://www.theguardian.com/football/2026/jun/21/tunisia-japan-world-cup-2026-match-report
37;2026-06-21;Espanha 4-0 Arábia Saudita;Altambakti;Arábia Saudita;Gol contra;Foi creditado com gol contra.;https://www.theguardian.com/football/2026/jun/21/spain-saudi-arabia-world-cup-2026-match-report
37;2026-06-21;Espanha 4-0 Arábia Saudita;Lamine Yamal;Espanha;Gol;Abriu o placar aos 10 minutos.;https://www.theguardian.com/football/2026/jun/21/spain-saudi-arabia-world-cup-2026-match-report
37;2026-06-21;Espanha 4-0 Arábia Saudita;Marc Cucurella;Espanha;Forçou gol contra;Gerou o lance do quarto gol espanhol.;https://www.theguardian.com/football/2026/jun/21/spain-saudi-arabia-world-cup-2026-match-report
37;2026-06-21;Espanha 4-0 Arábia Saudita;Mikel Oyarzabal;Espanha;2 gols + assistência;Assistiu Yamal e marcou duas vezes.;https://www.theguardian.com/football/2026/jun/21/spain-saudi-arabia-world-cup-2026-match-report
38;2026-06-21;Bélgica 0-0 Irã;Thibaut Courtois;Bélgica;Marca histórica;Igualou recorde belga de jogos em Copa.;https://www.espn.com/soccer/report/_/gameId/773866
38;2026-06-21;Bélgica 0-0 Irã;Alireza Beiranvand;Irã;Goleiro/MVP;Fez sete defesas e sustentou o empate.;https://www.espn.com/soccer/report/_/gameId/773866
39;2026-06-21;Uruguai 2-2 Cabo Verde;Hélio Varela;Cabo Verde;Gol;Empatou após erro defensivo uruguaio.;https://www.reuters.com/sports/soccer/cape-verde-hold-uruguay-2-2-world-cup-2026-2026-06-21/
39;2026-06-21;Uruguai 2-2 Cabo Verde;Kevin Pina;Cabo Verde;Gol histórico;Marcou o primeiro gol de Cabo Verde em Copas, de falta longa.;https://www.reuters.com/sports/soccer/cape-verde-hold-uruguay-2-2-world-cup-2026-2026-06-21/
39;2026-06-21;Uruguai 2-2 Cabo Verde;Agustín Canobbio;Uruguai;Gol;Virou/colocou Uruguai em vantagem.;https://www.reuters.com/sports/soccer/cape-verde-hold-uruguay-2-2-world-cup-2026-2026-06-21/
39;2026-06-21;Uruguai 2-2 Cabo Verde;Federico Valverde;Uruguai;Criação/volume;Liderou volume de finalizações e passes no terço final.;https://www.reuters.com/sports/soccer/cape-verde-hold-uruguay-2-2-world-cup-2026-2026-06-21/
39;2026-06-21;Uruguai 2-2 Cabo Verde;Maxi Araújo;Uruguai;Gol;Marcou para o Uruguai.;https://www.reuters.com/sports/soccer/cape-verde-hold-uruguay-2-2-world-cup-2026-2026-06-21/
40;2026-06-21;Nova Zelândia 1-3 Egito;Mohamed Salah;Egito;Gol + assistência;Marcou o gol da virada e assistiu Trézéguet.;https://www.reuters.com/sports/soccer/egypt-beat-new-zealand-3-1-world-cup-2026-2026-06-21/
40;2026-06-21;Nova Zelândia 1-3 Egito;Mostafa Zico;Egito;Gol + tabela;Empatou e participou da jogada do gol de Salah.;https://www.reuters.com/sports/soccer/egypt-beat-new-zealand-3-1-world-cup-2026-2026-06-21/
40;2026-06-21;Nova Zelândia 1-3 Egito;Trézéguet;Egito;Gol;Fez o terceiro de cabeça em cobrança de escanteio.;https://www.reuters.com/sports/soccer/egypt-beat-new-zealand-3-1-world-cup-2026-2026-06-21/
40;2026-06-21;Nova Zelândia 1-3 Egito;Finn Surman;Nova Zelândia;Gol;Abriu o placar para a Nova Zelândia.;https://www.reuters.com/sports/soccer/egypt-beat-new-zealand-3-1-world-cup-2026-2026-06-21/
41;2026-06-22;Argentina 2-0 Áustria;Lionel Messi;Argentina;2 gols + pênalti perdido;Perdeu pênalti, mas decidiu com dois gols e recorde histórico.;https://theanalyst.com/na/2026/06/argentina-austria-stats-messi-world-cup-record
42;2026-06-22;França 3-0 Iraque;Kylian Mbappé;França;2 gols/MVP;Marcou duas vezes no 100º jogo pela França.;https://www.theguardian.com/football/2026/jun/22/france-iraq-world-cup-2026-match-report
42;2026-06-22;França 3-0 Iraque;Ousmane Dembélé;França;Gol;Entrou/foi preservado e marcou o terceiro.;https://www.theguardian.com/football/2026/jun/22/france-iraq-world-cup-2026-match-report
43;2026-06-22;Noruega 3-2 Senegal;Erling Haaland;Noruega;2 gols/MVP;Marcou aos 48 e 58 minutos e confirmou fase goleadora.;https://www.reuters.com/sports/soccer/haaland-norway-beat-senegal-3-2-world-cup-2026-2026-06-22/
43;2026-06-22;Noruega 3-2 Senegal;Marcus Holmgren Pedersen;Noruega;Gol;Abriu o placar norueguês.;https://www.reuters.com/sports/soccer/haaland-norway-beat-senegal-3-2-world-cup-2026-2026-06-22/
43;2026-06-22;Noruega 3-2 Senegal;Ismaïla Sarr;Senegal;Gol;Marcou na reação senegalesa.;https://www.reuters.com/sports/soccer/haaland-norway-beat-senegal-3-2-world-cup-2026-2026-06-22/
43;2026-06-22;Noruega 3-2 Senegal;Senegal - gol nos acréscimos;Senegal;Gol tardio;Reduziu aos 90+3, mas sem tempo para empatar.;https://www.reuters.com/sports/soccer/haaland-norway-beat-senegal-3-2-world-cup-2026-2026-06-22/
44;2026-06-23;Jordânia 1-2 Argélia;Amine Gouiri;Argélia;Gol decisivo;Marcou o gol da virada aos 82 minutos.;https://www.theguardian.com/football/2026/jun/23/jordan-algeria-world-cup-2026-match-report
44;2026-06-23;Jordânia 1-2 Argélia;Ibrahim Maza;Argélia;Impacto criativo;Foi instrumental na reação argelina.;https://www.theguardian.com/football/2026/jun/23/jordan-algeria-world-cup-2026-match-report
44;2026-06-23;Jordânia 1-2 Argélia;Nadhir Benbouali;Argélia;Gol de banco;Empatou aos 69 minutos.;https://www.theguardian.com/football/2026/jun/23/jordan-algeria-world-cup-2026-match-report
44;2026-06-23;Jordânia 1-2 Argélia;Riyad Mahrez;Argélia;Criação;Liderou chances criadas e cruzamentos na análise estatística.;https://www.theguardian.com/football/2026/jun/23/jordan-algeria-world-cup-2026-match-report
44;2026-06-23;Jordânia 1-2 Argélia;Nizar Al-Rashdan;Jordânia;Gol;Abriu o placar aos 36 minutos.;https://www.theguardian.com/football/2026/jun/23/jordan-algeria-world-cup-2026-match-report
45;2026-06-23;Portugal 5-0 Uzbequistão;Bruno Fernandes;Portugal;Assistência/criação;Serviu Ronaldo no terceiro e foi peça central no jogo entrelinhas.;https://www.portugoal.net/selecao/5871-portugal-5-0-uzbekistan-report-2026-world-cup
45;2026-06-23;Portugal 5-0 Uzbequistão;Cristiano Ronaldo;Portugal;2 gols/Destaque;Marcou aos 6 e 39 minutos e fez história ao marcar em seis Copas.;https://www.portugoal.net/selecao/5871-portugal-5-0-uzbekistan-report-2026-world-cup
45;2026-06-23;Portugal 5-0 Uzbequistão;João Cancelo;Portugal;Assistência/apoio;Cruzou para o primeiro gol de Ronaldo.;https://www.portugoal.net/selecao/5871-portugal-5-0-uzbekistan-report-2026-world-cup
45;2026-06-23;Portugal 5-0 Uzbequistão;Nuno Mendes;Portugal;Gol;Cobrou falta e marcou o segundo gol.;https://www.portugoal.net/selecao/5871-portugal-5-0-uzbekistan-report-2026-world-cup
45;2026-06-23;Portugal 5-0 Uzbequistão;Pedro Neto;Portugal;Geração de falta;Sofreu falta que originou o gol de Nuno Mendes.;https://www.portugoal.net/selecao/5871-portugal-5-0-uzbekistan-report-2026-world-cup
46;2026-06-23;Inglaterra 0-0 Gana;Jerome Opoku;Gana;Defesa/Destaque;Teve avaliação alta pelo controle defensivo.;https://www.theguardian.com/football/2026/jun/23/england-ghana-player-ratings-world-cup-2026
46;2026-06-23;Inglaterra 0-0 Gana;Jonas Adjetey;Gana;Defesa/Destaque;Ajudou a anular o ataque inglês.;https://www.theguardian.com/football/2026/jun/23/england-ghana-player-ratings-world-cup-2026
46;2026-06-23;Inglaterra 0-0 Gana;Thomas Partey;Gana;Meio-campo;Contribuiu para neutralizar a Inglaterra.;https://www.theguardian.com/football/2026/jun/23/england-ghana-player-ratings-world-cup-2026
46;2026-06-23;Inglaterra 0-0 Gana;Anthony Gordon;Inglaterra;Rendimento abaixo;Teve baixa avaliação por pouca efetividade.;https://www.theguardian.com/football/2026/jun/23/england-ghana-player-ratings-world-cup-2026
46;2026-06-23;Inglaterra 0-0 Gana;Bukayo Saka;Inglaterra;Impacto de banco;Entrou e elevou ameaça ofensiva.;https://www.theguardian.com/football/2026/jun/23/england-ghana-player-ratings-world-cup-2026
46;2026-06-23;Inglaterra 0-0 Gana;Declan Rice;Inglaterra;Destaque inglês;Foi o inglês mais consistente nas avaliações.;https://www.theguardian.com/football/2026/jun/23/england-ghana-player-ratings-world-cup-2026
47;2026-06-23;Panamá 0-1 Croácia;Ante Budimir;Croácia;Gol decisivo;Marcou o único gol do jogo.;https://www.theguardian.com/football/2026/jun/24/croatia-panama-world-cup-2026-match-report
47;2026-06-23;Panamá 0-1 Croácia;Dominik Livaković;Croácia;Goleiro;Teve papel de segurança em jogo de margem mínima.;https://www.theguardian.com/football/2026/jun/24/croatia-panama-world-cup-2026-match-report
47;2026-06-23;Panamá 0-1 Croácia;Luka Modrić;Croácia;Marco/liderança;Chegou ao 200º jogo pela Croácia e liderou emocionalmente a equipe.;https://www.theguardian.com/football/2026/jun/24/croatia-panama-world-cup-2026-match-report
48;2026-06-23;Colômbia 1-0 RD do Congo;Daniel Muñoz;Colômbia;Gol decisivo;Marcou aos 76 minutos e classificou a Colômbia.;https://www.theguardian.com/football/live/2026/jun/24/fifa-world-cup-2026-live-colombia-v-dr-congo-updates-col-vs-cod-group-k-match-score-latest
48;2026-06-23;Colômbia 1-0 RD do Congo;Luis Díaz;Colômbia;Ameaça ofensiva;Foi uma das principais ameaças e exigiu defesa de Mpasi.;https://www.theguardian.com/football/live/2026/jun/24/fifa-world-cup-2026-live-colombia-v-dr-congo-updates-col-vs-cod-group-k-match-score-latest
48;2026-06-23;Colômbia 1-0 RD do Congo;Lionel Mpasi;RD do Congo;Goleiro/Destaque rival;Fez cinco defesas difíceis nos primeiros 20 minutos.;https://www.theguardian.com/football/live/2026/jun/24/fifa-world-cup-2026-live-colombia-v-dr-congo-updates-col-vs-cod-group-k-match-score-latest
49;2026-06-24;Suíça 2-1 Canadá;Promise David;Canadá;Gol de banco;Entrou e reduziu para o Canadá.;https://www.theguardian.com/football/2026/jun/24/switzerland-canada-world-cup-2026-match-report
49;2026-06-24;Suíça 2-1 Canadá;Johan Manzambi;Suíça;Gol;Ampliou e manteve sua boa fase no torneio.;https://www.theguardian.com/football/2026/jun/24/switzerland-canada-world-cup-2026-match-report
49;2026-06-24;Suíça 2-1 Canadá;Rubén Vargas;Suíça;Gol;Marcou no início do segundo tempo.;https://www.theguardian.com/football/2026/jun/24/switzerland-canada-world-cup-2026-match-report
50;2026-06-24;Bósnia e Herzegovina 3-1 Catar;Edin Džeko;Bósnia e Herzegovina;Marco/liderança;Chegou ao 150º jogo pela seleção.;https://www.theguardian.com/football/2026/jun/24/bosnia-qatar-world-cup-2026-match-report
50;2026-06-24;Bósnia e Herzegovina 3-1 Catar;Ermin Mahmić;Bósnia e Herzegovina;Gol;Marcou na reta final.;https://www.theguardian.com/football/2026/jun/24/bosnia-qatar-world-cup-2026-match-report
50;2026-06-24;Bósnia e Herzegovina 3-1 Catar;Kerim Alajbegović;Bósnia e Herzegovina;Gol/Destaque;Abriu o placar com finalização elogiada.;https://www.theguardian.com/football/2026/jun/24/bosnia-qatar-world-cup-2026-match-report
50;2026-06-24;Bósnia e Herzegovina 3-1 Catar;Hassan Al-Haydos;Catar;Gol;Reduziu para o Catar.;https://www.theguardian.com/football/2026/jun/24/bosnia-qatar-world-cup-2026-match-report
51;2026-06-24;Escócia 0-3 Brasil;Bruno Guimarães;Brasil;2 assistências/Destaque;Serviu Vini e Cunha, além de contribuir defensivamente.;https://www.reuters.com/sports/soccer/brazil-beat-scotland-3-0-world-cup-2026-2026-06-24/
51;2026-06-24;Escócia 0-3 Brasil;Lucas Paquetá;Brasil;Criação;Criou quatro chances segundo análise de desempenho.;https://www.reuters.com/sports/soccer/brazil-beat-scotland-3-0-world-cup-2026-2026-06-24/
51;2026-06-24;Escócia 0-3 Brasil;Matheus Cunha;Brasil;Gol;Fez o terceiro gol, mantendo sequência goleadora.;https://www.reuters.com/sports/soccer/brazil-beat-scotland-3-0-world-cup-2026-2026-06-24/
51;2026-06-24;Escócia 0-3 Brasil;Neymar;Brasil;Retorno/criação;Voltou e criou chances.;https://www.reuters.com/sports/soccer/brazil-beat-scotland-3-0-world-cup-2026-2026-06-24/
51;2026-06-24;Escócia 0-3 Brasil;Vinícius Jr.;Brasil;2 gols/MVP;Marcou aos 7 e no fim do primeiro tempo.;https://www.reuters.com/sports/soccer/brazil-beat-scotland-3-0-world-cup-2026-2026-06-24/
52;2026-06-24;Marrocos 4-2 Haiti;Haiti - ataque;Haiti;Resiliência ofensiva;Marcou duas vezes e forçou Marrocos a reagir.;https://www.skysports.com/football/news/12098/13554975/world-cup-2026-morocco-4-2-haiti-late-soufiane-rahimi-and-gessime-yassine-goals-earns-win-as-atlas-lions-finish-second-in-group-c
52;2026-06-24;Marrocos 4-2 Haiti;Gessime Yassine;Marrocos;Gol tardio;Fez o quarto gol para confirmar a vitória.;https://www.skysports.com/football/news/12098/13554975/world-cup-2026-morocco-4-2-haiti-late-soufiane-rahimi-and-gessime-yassine-goals-earns-win-as-atlas-lions-finish-second-in-group-c
52;2026-06-24;Marrocos 4-2 Haiti;Ismael Saibari;Marrocos;Gol/regularidade;Fez o empate em 2-2 e marcou em todos os jogos do grupo.;https://www.skysports.com/football/news/12098/13554975/world-cup-2026-morocco-4-2-haiti-late-soufiane-rahimi-and-gessime-yassine-goals-earns-win-as-atlas-lions-finish-second-in-group-c
52;2026-06-24;Marrocos 4-2 Haiti;Soufiane Rahimi;Marrocos;Gol tardio;Marcou nos minutos finais e virou o jogo.;https://www.skysports.com/football/news/12098/13554975/world-cup-2026-morocco-4-2-haiti-late-soufiane-rahimi-and-gessime-yassine-goals-earns-win-as-atlas-lions-finish-second-in-group-c
53;2026-06-24;República Tcheca 0-3 México;Julián Quiñones;México;Gol;Marcou novamente no torneio.;https://www.bavarianfootballworks.com/fifa-world-cup/221506/mexico-beat-czech-republic-world-cup-2026
53;2026-06-24;República Tcheca 0-3 México;Mateo Chávez;México;Gol;Abriu caminho na vitória mexicana.;https://www.bavarianfootballworks.com/fifa-world-cup/221506/mexico-beat-czech-republic-world-cup-2026
53;2026-06-24;República Tcheca 0-3 México;Álvaro Fidalgo;México;Gol;Fez o terceiro gol mexicano.;https://www.bavarianfootballworks.com/fifa-world-cup/221506/mexico-beat-czech-republic-world-cup-2026
54;2026-06-24;África do Sul 1-0 República da Coreia;Teboho Mokoena;África do Sul;Retorno/estrutura;Retorno citado como peça importante no meio-campo sul-africano.;https://www.bavarianfootballworks.com/fifa-world-cup/221507/south-africa-beat-south-korea-world-cup-2026
54;2026-06-24;África do Sul 1-0 República da Coreia;Thapelo Maseko;África do Sul;Gol decisivo;Marcou o gol da vitória.;https://www.bavarianfootballworks.com/fifa-world-cup/221507/south-africa-beat-south-korea-world-cup-2026
55;2026-06-25;Curaçao 0-2 Costa do Marfim;Nicolas Pépé;Costa do Marfim;2 gols/MVP;Marcou os dois gols da vitória marfinense.;https://timesofindia.indiatimes.com/sports/football/fifa-world-cup-2026/world-cup-2026-nicolas-pepe-brace-cote-divoire-curacao/articleshow/121994001.cms
56;2026-06-25;Equador 2-1 Alemanha;Jonathan Tah;Alemanha;Defesa positiva parcial;Teve bons lances defensivos, mas equipe falhou coletivamente.;https://www.reuters.com/sports/soccer/ecuador-beat-germany-2-1-world-cup-2026-2026-06-25/
56;2026-06-25;Equador 2-1 Alemanha;Leroy Sané;Alemanha;Gol;Marcou no segundo minuto, mas teve atuação geral irregular nas análises.;https://www.reuters.com/sports/soccer/ecuador-beat-germany-2-1-world-cup-2026-2026-06-25/
56;2026-06-25;Equador 2-1 Alemanha;Gonzalo Plata;Equador;Gol decisivo;Marcou aos 78 após bola parada/corner.;https://www.reuters.com/sports/soccer/ecuador-beat-germany-2-1-world-cup-2026-2026-06-25/
56;2026-06-25;Equador 2-1 Alemanha;Moisés Caicedo;Equador;Destaque de meio-campo;Dominou o centro e sustentou a reação equatoriana.;https://www.reuters.com/sports/soccer/ecuador-beat-germany-2-1-world-cup-2026-2026-06-25/
56;2026-06-25;Equador 2-1 Alemanha;Nilson Angulo;Equador;Gol;Empatou aos 9 minutos.;https://www.reuters.com/sports/soccer/ecuador-beat-germany-2-1-world-cup-2026-2026-06-25/
57;2026-06-25;Japão 1-1 Suécia;Daizen Maeda;Japão;Gol;Marcou aos 56 minutos em jogada iniciada por Ritsu Doan.;https://www.reuters.com/sports/soccer/japan-sweden-draw-1-1-world-cup-2026-2026-06-25/
57;2026-06-25;Japão 1-1 Suécia;Ritsu Doan;Japão;Construção;Iniciou/participou da jogada do gol japonês.;https://www.reuters.com/sports/soccer/japan-sweden-draw-1-1-world-cup-2026-2026-06-25/
57;2026-06-25;Japão 1-1 Suécia;Zion Suzuki;Japão;Goleiro/Destaque;Fez defesas importantes contra Isak.;https://www.reuters.com/sports/soccer/japan-sweden-draw-1-1-world-cup-2026-2026-06-25/
57;2026-06-25;Japão 1-1 Suécia;Anthony Elanga;Suécia;Gol;Empatou com finalização de longe.;https://www.reuters.com/sports/soccer/japan-sweden-draw-1-1-world-cup-2026-2026-06-25/
57;2026-06-25;Japão 1-1 Suécia;Viktor Gyökeres;Suécia;Construção/apoio;Participou do lance do gol sueco.;https://www.reuters.com/sports/soccer/japan-sweden-draw-1-1-world-cup-2026-2026-06-25/
58;2026-06-25;Tunísia 1-3 Holanda;Brian Brobbey;Holanda;Gol;Marcou novamente na fase de grupos.;https://www.theguardian.com/football/2026/jun/25/tunisia-netherlands-world-cup-2026-match-report
58;2026-06-25;Tunísia 1-3 Holanda;Frenkie de Jong;Holanda;Meio-campo/Destaque;Teve atuação forte no controle do jogo.;https://www.theguardian.com/football/2026/jun/25/tunisia-netherlands-world-cup-2026-match-report
58;2026-06-25;Tunísia 1-3 Holanda;Jan Paul van Hecke;Holanda;Gol;Fez um dos gols holandeses.;https://www.theguardian.com/football/2026/jun/25/tunisia-netherlands-world-cup-2026-match-report
58;2026-06-25;Tunísia 1-3 Holanda;Tunísia - defesa;Tunísia;Rendimento negativo coletivo;Sofreu com erros/fragilidade defensiva.;https://www.theguardian.com/football/2026/jun/25/tunisia-netherlands-world-cup-2026-match-report
59;2026-06-25;Turquia 3-2 Estados Unidos;Auston Trusty;Estados Unidos;Gol;Abriu o placar para os EUA, mas depois saiu/teve questão física citada.;https://apnews.com/article/world-cup-turkey-united-states-pulisic-guler-2026
59;2026-06-25;Turquia 3-2 Estados Unidos;Christian Pulisic;Estados Unidos;Criação;Retornou e ajudou a criar volume ofensivo.;https://apnews.com/article/world-cup-turkey-united-states-pulisic-guler-2026
59;2026-06-25;Turquia 3-2 Estados Unidos;Sebastian Berhalter;Estados Unidos;Gol;Empatou para os EUA antes da virada final.;https://apnews.com/article/world-cup-turkey-united-states-pulisic-guler-2026
59;2026-06-25;Turquia 3-2 Estados Unidos;Arda Güler;Turquia;Gol + assistência/criação;Marcou e participou diretamente de outro gol turco.;https://apnews.com/article/world-cup-turkey-united-states-pulisic-guler-2026
59;2026-06-25;Turquia 3-2 Estados Unidos;Kaan Ayhan;Turquia;Gol decisivo;Marcou o gol da vitória nos acréscimos.;https://apnews.com/article/world-cup-turkey-united-states-pulisic-guler-2026
59;2026-06-25;Turquia 3-2 Estados Unidos;Orkun Kökçü / Barış Alper Yılmaz;Turquia;Gol - divergência de fonte;Há divergência nas fontes sobre o autor de um dos gols turcos.;https://apnews.com/article/world-cup-turkey-united-states-pulisic-guler-2026
60;2026-06-25;Paraguai 0-0 Austrália;Aiden O'Neill;Austrália;Meio-campo/MVP;Foi eleito destaque/teve grande atuação de combate.;https://www.theguardian.com/football/2026/jun/25/paraguay-australia-player-ratings-world-cup-2026
60;2026-06-25;Paraguai 0-0 Austrália;Alessandro Circati;Austrália;Defesa;Ajudou a neutralizar Gabriel Ávalos.;https://www.theguardian.com/football/2026/jun/25/paraguay-australia-player-ratings-world-cup-2026
60;2026-06-25;Paraguai 0-0 Austrália;Harry Souttar;Austrália;Defesa;Participou do bloqueio defensivo central.;https://www.theguardian.com/football/2026/jun/25/paraguay-australia-player-ratings-world-cup-2026
60;2026-06-25;Paraguai 0-0 Austrália;Jordy Bos;Austrália;Defesa/Destaque;Teve atuação forte no sistema 5-2-3.;https://www.theguardian.com/football/2026/jun/25/paraguay-australia-player-ratings-world-cup-2026
60;2026-06-25;Paraguai 0-0 Austrália;Patrick Beach;Austrália;Goleiro/Destaque;Fez defesa tardia importante e ajudou no clean sheet.;https://www.theguardian.com/football/2026/jun/25/paraguay-australia-player-ratings-world-cup-2026
60;2026-06-25;Paraguai 0-0 Austrália;Julio Enciso;Paraguai;Ameaça ofensiva;Foi um dos principais jogadores de ataque do Paraguai.;https://www.theguardian.com/football/2026/jun/25/paraguay-australia-player-ratings-world-cup-2026
60;2026-06-25;Paraguai 0-0 Austrália;Omar Alderete;Paraguai;Lesão;Saiu lesionado, afetando a estrutura defensiva.;https://www.theguardian.com/football/2026/jun/25/paraguay-australia-player-ratings-world-cup-2026
61;2026-06-26;Noruega 1 x 4 França;Aurélien Tchouaméni;França;Contribuição ofensiva e cartão;"Assistência para o 3º gol de Dembélé aos 32; cartão amarelo aos 74. | gols: 0; assistências: 1; amarelos: 1.0";https://www.foxsports.com/soccer/fifa-world-cup-men-norway-vs-france-jun-26-2026-game-boxscore-647676
61;2026-06-26;Noruega 1 x 4 França;Bradley Barcola;França;Impacto saindo do banco;"Entrou aos 65; assistência para Doué no 4º gol; finalização no alvo aos 81. | gols: 0; assistências: 1";https://www.foxsports.com/soccer/fifa-world-cup-men-norway-vs-france-jun-26-2026-game-boxscore-647676
61;2026-06-26;Noruega 1 x 4 França;Désiré Doué;França;Impacto ofensivo;"Marcou o 4º gol aos 90+3; também teve finalizações no alvo no início do jogo. | gols: 1; assistências: 0";https://www.foxsports.com/soccer/fifa-world-cup-men-norway-vs-france-jun-26-2026-game-boxscore-647676
61;2026-06-26;Noruega 1 x 4 França;Kylian Mbappé;França;Criador decisivo;"2 assistências; 2 finalizações no alvo; 27 passes; assistiu os gols de Dembélé aos 7 e 20. | gols: 0; assistências: 2";https://www.foxsports.com/soccer/fifa-world-cup-men-norway-vs-france-jun-26-2026-game-boxscore-647676
61;2026-06-26;Noruega 1 x 4 França;Mike Maignan;França;Defensivo decisivo;"Defendeu/segurou pênalti de Jørgen Strand Larsen aos 50, evitando reação norueguesa. | gols: 0; assistências: 0; defesas/pênaltis: 1 pênalti defendido";https://www.foxsports.com/soccer/fifa-world-cup-men-norway-vs-france-jun-26-2026-game-boxscore-647676
61;2026-06-26;Noruega 1 x 4 França;Ousmane Dembélé;França;Destaque máximo;"3 gols; 25 passes; gols aos 7, 20 e 32 minutos; hat-trick no 1º tempo. | gols: 3; assistências: 0";https://www.foxsports.com/soccer/fifa-world-cup-men-norway-vs-france-jun-26-2026-game-boxscore-647676
61;2026-06-26;Noruega 1 x 4 França;Andreas Schjelderup;Noruega;Criação ofensiva;"1 assistência para Aasgaard; 23 passes. | gols: 0; assistências: 1";https://www.foxsports.com/soccer/fifa-world-cup-men-norway-vs-france-jun-26-2026-game-boxscore-647676
61;2026-06-26;Noruega 1 x 4 França;Jørgen Strand Larsen;Noruega;Desempenho negativo no lance-chave;"Finalização aos 14; finalização no alvo e pênalti perdido aos 50 quando Noruega ainda perdia por 3-1. | gols: 0; assistências: 0; defesas/pênaltis: 0/1 pênaltis";https://www.foxsports.com/soccer/fifa-world-cup-men-norway-vs-france-jun-26-2026-game-boxscore-647676
61;2026-06-26;Noruega 1 x 4 França;Patrick Berg;Noruega;Advertido;"Cartão amarelo aos 10; cobrou escanteios no 2º tempo. | gols: 0; assistências: 0; amarelos: 1.0";https://www.foxsports.com/soccer/fifa-world-cup-men-norway-vs-france-jun-26-2026-game-boxscore-647676
61;2026-06-26;Noruega 1 x 4 França;Thèlo Aasgaard;Noruega;Destaque da Noruega;"1 gol aos 21; 37 passes; principal produção ofensiva norueguesa. | gols: 1; assistências: 0";https://www.foxsports.com/soccer/fifa-world-cup-men-norway-vs-france-jun-26-2026-game-boxscore-647676
62;2026-06-26;Senegal 5 x 0 Iraque;Rebin Sulaka;Iraque;Desempenho negativo;"Expulso aos 13 após falta em Sadio Mané que impediu chance clara de gol. | gols: 0; assistências: 0; vermelhos: 1.0";https://www.reuters.com/sports/soccer/senegal-rout-10-man-iraq-stay-world-cup-hunt-2026-06-26/
62;2026-06-26;Senegal 5 x 0 Iraque;Zidane Iqbal;Iraque;Erro punido;"Perdeu a posse para Lamine Camara no lance que originou o gol de Sarr. | gols: 0; assistências: 0";https://theanalyst.com/articles/senegal-vs-iraq-stats-world-cup-2026
62;2026-06-26;Senegal 5 x 0 Iraque;Habib Diarra;Senegal;Abertura do placar;"Fez o 1º gol aos 4, completando de perto após lance de escanteio. | gols: 1; assistências: 0";https://theanalyst.com/articles/senegal-vs-iraq-stats-world-cup-2026
62;2026-06-26;Senegal 5 x 0 Iraque;Iliman Ndiaye;Senegal;Impacto final;"Fez o 5º gol aos 82 e também registrou assistência; Opta destaca assistência como substituto. | gols: 1; assistências: 1";https://theanalyst.com/articles/senegal-vs-iraq-stats-world-cup-2026
62;2026-06-26;Senegal 5 x 0 Iraque;Ismaïla Sarr;Senegal;Destaque/recorde;"Fez gol aos 56; terminou com gol e assistência; tornou-se maior artilheiro senegalês em Copas, com 4 gols. | gols: 1; assistências: 1";https://theanalyst.com/articles/senegal-vs-iraq-stats-world-cup-2026
62;2026-06-26;Senegal 5 x 0 Iraque;Lamine Camara;Senegal;Pressão e assistência;"Desarmou/roubou a bola de Zidane Iqbal e avançou para servir Sarr no 2º gol. | gols: 0; assistências: 1";https://theanalyst.com/articles/senegal-vs-iraq-stats-world-cup-2026
62;2026-06-26;Senegal 5 x 0 Iraque;Pape Gueye;Senegal;Impacto saindo do banco;"Entrou no 2º tempo e marcou dois gols de longa distância, aos 59 e 71; também registrou assistência segundo Opta. | gols: 2; assistências: 1";https://theanalyst.com/articles/senegal-vs-iraq-stats-world-cup-2026
62;2026-06-26;Senegal 5 x 0 Iraque;Sadio Mané;Senegal;Gerou lance decisivo;"Sofreu falta de Rebin Sulaka no lance que gerou vermelho; teve falta defendida por Basil e finalização por cima antes do intervalo. | gols: 0; assistências: 0";https://theanalyst.com/articles/senegal-vs-iraq-stats-world-cup-2026
63;2026-06-27;Egito 1 x 1 Irã;Mohamed Salah;Egito;Lesão/risco físico;"Saiu com lesão muscular; EFA iniciou tratamento e não confirmou retorno imediato. | gols: 0; assistências: 0";https://www.reuters.com/sports/soccer/irans-taremi-criticises-logistical-issues-suggests-side-not-welcome-us-2026-06-27/
63;2026-06-27;Egito 1 x 1 Irã;Saber;Egito;Gol;"Abriu o placar aos 5 minutos. | gols: 1; assistências: 0";https://www.theguardian.com/football/live/2026/jun/27/fifa-world-cup-2026-live-egypt-v-iran-updates-egy-vs-irn-group-g-match-score-latest
63;2026-06-27;Egito 1 x 1 Irã;Mehdi Taremi;Irã;Volume ofensivo/desperdício;"Teve pênalti defendido e cabeçada no travessão. | gols: 0; assistências: 0";https://www.reuters.com/sports/soccer/irans-taremi-criticises-logistical-issues-suggests-side-not-welcome-us-2026-06-27/
63;2026-06-27;Egito 1 x 1 Irã;Ramin Rezaeian;Irã;Gol;"Empatou aos 14 minutos. | gols: 1; assistências: 0";https://www.theguardian.com/football/live/2026/jun/27/fifa-world-cup-2026-live-egypt-v-iran-updates-egy-vs-irn-group-g-match-score-latest
63;2026-06-27;Egito 1 x 1 Irã;Shoja Khalilzadeh;Irã;Gol anulado;"Teve gol anulado nos acréscimos por impedimento. | gols: 0; assistências: 0";https://www.theguardian.com/football/live/2026/jun/27/fifa-world-cup-2026-live-egypt-v-iran-updates-egy-vs-irn-group-g-match-score-latest
64;2026-06-27;Nova Zelândia 1 x 5 Bélgica;Alexis Saelemaekers;Bélgica;Gol;"Fez o quinto gol belga nos acréscimos. | gols: 1; assistências: 0";https://www.reuters.com/sports/soccer/belgium-beat-new-zealand-5-1-advance-world-cup-knockout-stage-2026-06-27/
64;2026-06-27;Nova Zelândia 1 x 5 Bélgica;Kevin De Bruyne;Bélgica;Gol e criação;"Assistiu o 1º gol de Trossard e marcou o 3º da Bélgica. | gols: 1; assistências: 1";https://www.reuters.com/sports/soccer/belgium-beat-new-zealand-5-1-advance-world-cup-knockout-stage-2026-06-27/
64;2026-06-27;Nova Zelândia 1 x 5 Bélgica;Leandro Trossard;Bélgica;Destaque máximo;"Marcou dois gols e também preparou o gol de De Bruyne. | gols: 2; assistências: 1";https://www.reuters.com/sports/soccer/belgium-beat-new-zealand-5-1-advance-world-cup-knockout-stage-2026-06-27/
64;2026-06-27;Nova Zelândia 1 x 5 Bélgica;Romelu Lukaku;Bélgica;Gol/recorde;"Marcou de cabeça e tornou-se maior artilheiro belga em Copas. | gols: 1; assistências: 0";https://www.reuters.com/sports/soccer/belgium-beat-new-zealand-5-1-advance-world-cup-knockout-stage-2026-06-27/
64;2026-06-27;Nova Zelândia 1 x 5 Bélgica;Thibaut Courtois;Bélgica;Defesa importante;"Defendeu chute de Elijah Just aos 54 minutos. | gols: 0; assistências: 0";https://www.reuters.com/sports/soccer/belgium-beat-new-zealand-5-1-advance-world-cup-knockout-stage-2026-06-27/
64;2026-06-27;Nova Zelândia 1 x 5 Bélgica;Elijah Just;Nova Zelândia;Gol;"Marcou o gol de honra da Nova Zelândia aos 84 minutos. | gols: 1; assistências: 0";https://www.reuters.com/sports/soccer/belgium-beat-new-zealand-5-1-advance-world-cup-knockout-stage-2026-06-27/
65;2026-06-26;Cabo Verde 0 x 0 Arábia Saudita;Al-Amri;Arábia Saudita;Bloqueio decisivo;"Fez bloqueio importante em finalização de Wagner Pina aos 86. | gols: 0; assistências: 0";https://www.theguardian.com/football/live/2026/jun/26/cape-verde-v-saudi-arabia-world-cup-2026-live
65;2026-06-26;Cabo Verde 0 x 0 Arábia Saudita;Firas Al-Buraikan;Arábia Saudita;Advertido;"Cartão amarelo aos 90+3 por falta no meio-campo. | gols: 0; assistências: 0; amarelos: 1.0";https://www.theguardian.com/football/live/2026/jun/26/cape-verde-v-saudi-arabia-world-cup-2026-live
65;2026-06-26;Cabo Verde 0 x 0 Arábia Saudita;Mohammed Al-Owais;Arábia Saudita;Defesa importante;"Defendeu chance clara de Laros Duarte em 1 contra 1 aos 74. | gols: 0; assistências: 0; defesas/pênaltis: defesa em chance clara";https://www.theguardian.com/football/live/2026/jun/26/cape-verde-v-saudi-arabia-world-cup-2026-live
65;2026-06-26;Cabo Verde 0 x 0 Arábia Saudita;Nasser Al-Dawsari;Arábia Saudita;Advertido;"Cartão amarelo aos 66 por parar contra-ataque de Cabo Verde. | gols: 0; assistências: 0; amarelos: 1.0";https://www.theguardian.com/football/live/2026/jun/26/cape-verde-v-saudi-arabia-world-cup-2026-live
65;2026-06-26;Cabo Verde 0 x 0 Arábia Saudita;Garry Rodrigues;Cabo Verde;Impacto misto;"Entrou no 2º tempo; teve participação em contra-ataques, mas uma transição aos 90+5 desacelerou e terminou com finalização para fora. | gols: 0; assistências: 0";https://www.theguardian.com/football/live/2026/jun/26/cape-verde-v-saudi-arabia-world-cup-2026-live
65;2026-06-26;Cabo Verde 0 x 0 Arábia Saudita;Laros Duarte;Cabo Verde;Chance clara desperdiçada;"Entrou no 2º tempo e teve chance 1 contra 1 aos 74, parada por Al-Owais. | gols: 0; assistências: 0";https://www.theguardian.com/football/live/2026/jun/26/cape-verde-v-saudi-arabia-world-cup-2026-live
65;2026-06-26;Cabo Verde 0 x 0 Arábia Saudita;Vozinha;Cabo Verde;Segurança/controle;"Manteve o zero; citado como destaque do torneio e mostrou calma na saída curta, embora tenha tido um lance de domínio inseguro aos 66. | gols: 0; assistências: 0; defesas/pênaltis: clean sheet";https://www.theguardian.com/football/live/2026/jun/26/cape-verde-v-saudi-arabia-world-cup-2026-live
65;2026-06-26;Cabo Verde 0 x 0 Arábia Saudita;Wagner Pina;Cabo Verde;Atuação destacada;"Teve atuação destacada e foi substituído no fim; levou bloqueio importante de Al-Amri em chance aos 86. | gols: 0; assistências: 0";https://www.theguardian.com/football/live/2026/jun/26/cape-verde-v-saudi-arabia-world-cup-2026-live
65;2026-06-26;Cabo Verde 0 x 0 Arábia Saudita;Willy Semedo;Cabo Verde;Melhor em campo citado;"Saiu aos 62; Guardian o chamou, com margem, de melhor jogador em campo até aquele momento. | gols: 0; assistências: 0";https://www.theguardian.com/football/live/2026/jun/26/cape-verde-v-saudi-arabia-world-cup-2026-live
66;2026-06-26;Uruguai 0 x 1 Espanha;Pau Cubarsí;Espanha;Solidez defensiva/sofreu falta perigosa;"Participou da contenção uruguaia; foi alvo da entrada que resultou no vermelho de Canobbio no fim do jogo. | gols: 0; assistências: 0";https://english.ahram.org.eg/WorldCup2026/Article/571662
66;2026-06-26;Uruguai 0 x 1 Espanha;Unai Simón;Espanha;Seguro nos lances-chave;"Defendeu excelente chance de Maxi Araújo no fim do 1º tempo e foi testado em chute de De la Cruz aos 85. | gols: 0; assistências: 0; defesas/pênaltis: defesas importantes";https://www.theguardian.com/football/live/2026/jun/26/uruguay-v-spain-world-cup-2026-live
66;2026-06-26;Uruguai 0 x 1 Espanha;Álex Baena;Espanha;Autor do gol decisivo;"Marcou o único gol aos 42; também recebeu cartão amarelo. | gols: 1; assistências: 0; amarelos: 1.0";https://english.ahram.org.eg/WorldCup2026/Article/571662
66;2026-06-26;Uruguai 0 x 1 Espanha;Agustín Canobbio;Uruguai;Desempenho negativo;"Expulso no fim do jogo; vermelho registrado nos match facts. | gols: 0; assistências: 0; vermelhos: 1.0";https://english.ahram.org.eg/WorldCup2026/Article/571662
66;2026-06-26;Uruguai 0 x 1 Espanha;Fernando Muslera;Uruguai;Desempenho negativo;"Falhou no lance do gol de Baena e foi substituído no intervalo por Sergio Rochet. | gols: 0; assistências: 0";https://www.theguardian.com/football/live/2026/jun/26/uruguay-v-spain-world-cup-2026-live
66;2026-06-26;Uruguai 0 x 1 Espanha;Guillermo Varela;Uruguai;Advertido;"Recebeu cartão amarelo. | gols: 0; assistências: 0; amarelos: 1.0";https://english.ahram.org.eg/WorldCup2026/Article/571662
66;2026-06-26;Uruguai 0 x 1 Espanha;Juan Sanabria;Uruguai;Advertido;"Recebeu cartão amarelo. | gols: 0; assistências: 0; amarelos: 1.0";https://english.ahram.org.eg/WorldCup2026/Article/571662
66;2026-06-26;Uruguai 0 x 1 Espanha;Maxi Araújo;Uruguai;Melhor chance uruguaia;"Teve chance excelente no fim do 1º tempo, defendida por Unai Simón. | gols: 0; assistências: 0";https://www.theguardian.com/football/live/2026/jun/26/uruguay-v-spain-world-cup-2026-live
66;2026-06-26;Uruguai 0 x 1 Espanha;Nicolás de la Cruz;Uruguai;Tentativa ofensiva e cartão;"Testou Unai Simón com chute aos 85; recebeu cartão amarelo. | gols: 0; assistências: 0; amarelos: 1.0";https://english.ahram.org.eg/WorldCup2026/Article/571662 | https://www.theguardian.com/football/live/2026/jun/26/uruguay-v-spain-world-cup-2026-live
66;2026-06-26;Uruguai 0 x 1 Espanha;Sergio Rochet;Uruguai;Entrou no intervalo;"Substituiu Muslera no intervalo após o gol sofrido/falha do titular. | gols: 0; assistências: 0";https://www.theguardian.com/football/live/2026/jun/26/uruguay-v-spain-world-cup-2026-live
67;2026-06-27;Panamá 0 x 2 Inglaterra;Harry Kane;Inglaterra;Gol/recorde;"Marcou de cabeça e chegou a 11 gols em Copas pela Inglaterra. | gols: 1; assistências: 0";https://www.reuters.com/sports/soccer/england-beat-panama-2-0-win-group-l-2026-06-27/
67;2026-06-27;Panamá 0 x 2 Inglaterra;Jordan Pickford;Inglaterra;Defesa importante;"Fez defesa importante em finalização de José Rodríguez no primeiro tempo. | gols: 0; assistências: 0";https://www.reuters.com/sports/soccer/england-beat-panama-2-0-win-group-l-2026-06-27/
67;2026-06-27;Panamá 0 x 2 Inglaterra;Jude Bellingham;Inglaterra;Destaque máximo;"Marcou aos 62 e cruzou para Kane marcar cinco minutos depois. | gols: 1; assistências: 1";https://www.reuters.com/sports/soccer/england-beat-panama-2-0-win-group-l-2026-06-27/
67;2026-06-27;Panamá 0 x 2 Inglaterra;José Rodríguez;Panamá;Ameaça ofensiva;"Obrigou Pickford a trabalhar em finalização no primeiro tempo. | gols: 0; assistências: 0";https://www.reuters.com/sports/soccer/england-beat-panama-2-0-win-group-l-2026-06-27/
67;2026-06-27;Panamá 0 x 2 Inglaterra;Orlando Mosquera;Panamá;Defesas importantes;"Defendeu chute de Rashford no início e esforço de Kane no segundo tempo. | gols: 0; assistências: 0";https://www.reuters.com/sports/soccer/england-beat-panama-2-0-win-group-l-2026-06-27/
68;2026-06-27;Croácia 2 x 1 Gana;Luka Modrić;Croácia;Assistência/controle;"Deu assistência de escanteio para Vlašić e jogou 90 minutos. | gols: 0; assistências: 1";https://www.reuters.com/sports/soccer/vlasic-header-sends-croatia-into-world-cup-knockouts-with-2-1-win-over-ghana-2026-06-27/
68;2026-06-27;Croácia 2 x 1 Gana;Nikola Vlašić;Croácia;Gol decisivo;"Cabeceou o escanteio de Modrić aos 83 minutos e definiu o jogo. | gols: 1; assistências: 0";https://www.reuters.com/sports/soccer/vlasic-header-sends-croatia-into-world-cup-knockouts-with-2-1-win-over-ghana-2026-06-27/
68;2026-06-27;Croácia 2 x 1 Gana;Petar Sučić;Croácia;Gol;"Abriu o placar aos 31 minutos com chute de longa distância. | gols: 1; assistências: 0";https://www.reuters.com/sports/soccer/vlasic-header-sends-croatia-into-world-cup-knockouts-with-2-1-win-over-ghana-2026-06-27/
68;2026-06-27;Croácia 2 x 1 Gana;Antoine Semenyo;Gana;Lesão/risco físico;"Sofreu lesão aparente no tornozelo no fim, mas conseguiu completar o jogo. | gols: 0; assistências: 0";https://www.reuters.com/sports/soccer/vlasic-header-sends-croatia-into-world-cup-knockouts-with-2-1-win-over-ghana-2026-06-27/
68;2026-06-27;Croácia 2 x 1 Gana;Derrick Luckassen;Gana;Gol;"Empatou aos 73 minutos em sua estreia internacional; gol confirmado após VAR. | gols: 1; assistências: 0";https://www.reuters.com/sports/soccer/vlasic-header-sends-croatia-into-world-cup-knockouts-with-2-1-win-over-ghana-2026-06-27/
68;2026-06-27;Croácia 2 x 1 Gana;Ernest Nuamah;Gana;Assistência;"Cobrou a falta que originou o gol de Luckassen. | gols: 0; assistências: 1";https://www.reuters.com/sports/soccer/vlasic-header-sends-croatia-into-world-cup-knockouts-with-2-1-win-over-ghana-2026-06-27/
69;2026-06-27;Argélia 3 x 3 Áustria;Houssem Aouar;Argélia;Assistência/criação;"Arrancou pela esquerda e cruzou para Mahrez marcar o segundo gol argelino. | gols: 0; assistências: 1";https://www.reuters.com/sports/soccer/austria-draw-with-algeria-thriller-reach-knockout-stage-iran-out-2026-06-28/
69;2026-06-27;Argélia 3 x 3 Áustria;Rafik Belghali;Argélia;Gol;"Empatou antes do intervalo com jogada individual e finalização no ângulo. | gols: 1; assistências: 0";https://www.reuters.com/sports/soccer/austria-draw-with-algeria-thriller-reach-knockout-stage-iran-out-2026-06-28/
69;2026-06-27;Argélia 3 x 3 Áustria;Riyad Mahrez;Argélia;Destaque ofensivo;"Marcou o empate aos 60 e fez 3-2 nos acréscimos. | gols: 2; assistências: 0";https://www.reuters.com/sports/soccer/austria-draw-with-algeria-thriller-reach-knockout-stage-iran-out-2026-06-28/
69;2026-06-27;Argélia 3 x 3 Áustria;David Alaba;Áustria;Assistência;"Acertou passe longo que originou o gol de Arnautović. | gols: 0; assistências: 1";https://www.reuters.com/sports/soccer/austria-draw-with-algeria-thriller-reach-knockout-stage-iran-out-2026-06-28/
69;2026-06-27;Argélia 3 x 3 Áustria;Konrad Laimer;Áustria;Assistência;"Escorou a bola para o gol de Sabitzer. | gols: 0; assistências: 1";https://www.reuters.com/sports/soccer/austria-draw-with-algeria-thriller-reach-knockout-stage-iran-out-2026-06-28/
69;2026-06-27;Argélia 3 x 3 Áustria;Marcel Sabitzer;Áustria;Gol;"Recolocou a Áustria na frente aos 55 minutos com chute de primeira. | gols: 1; assistências: 0";https://www.reuters.com/sports/soccer/austria-draw-with-algeria-thriller-reach-knockout-stage-iran-out-2026-06-28/
69;2026-06-27;Argélia 3 x 3 Áustria;Marko Arnautović;Áustria;Gol;"Abriu o placar aos 28 minutos após passe longo de David Alaba. | gols: 1; assistências: 0";https://www.reuters.com/sports/soccer/austria-draw-with-algeria-thriller-reach-knockout-stage-iran-out-2026-06-28/
69;2026-06-27;Argélia 3 x 3 Áustria;Sasa Kalajdžić;Áustria;Gol decisivo;"Saiu do banco e empatou de cabeça aos 96 minutos, garantindo a classificação austríaca. | gols: 1; assistências: 0";https://www.reuters.com/sports/soccer/austria-draw-with-algeria-thriller-reach-knockout-stage-iran-out-2026-06-28/
70;2026-06-27;Jordânia 1 x 3 Argentina;Giovani Lo Celso;Argentina;Gol/destaque;"Abriu o placar aos 19 minutos em cobrança de falta e esteve muito envolvido no início. | gols: 1; assistências: 0";https://www.reuters.com/sports/soccer/seventh-heaven-messi-argentina-beat-jordan-3-1-2026-06-28/
70;2026-06-27;Jordânia 1 x 3 Argentina;Lautaro Martínez;Argentina;Gol;"Converteu pênalti aos 31 minutos e acertou a trave em outra chance. | gols: 1; assistências: 0";https://www.reuters.com/sports/soccer/seventh-heaven-messi-argentina-beat-jordan-3-1-2026-06-28/
70;2026-06-27;Jordânia 1 x 3 Argentina;Lionel Messi;Argentina;Gol/recorde;"Entrou no segundo tempo e marcou de falta aos 80 minutos. | gols: 1; assistências: 0";https://www.reuters.com/sports/soccer/seventh-heaven-messi-argentina-beat-jordan-3-1-2026-06-28/
70;2026-06-27;Jordânia 1 x 3 Argentina;Ehsan Haddad;Jordânia;Assistência;"Cruzou rasteiro da direita para Altamari marcar. | gols: 0; assistências: 1";https://www.reuters.com/sports/soccer/seventh-heaven-messi-argentina-beat-jordan-3-1-2026-06-28/
70;2026-06-27;Jordânia 1 x 3 Argentina;Mousa Altamari;Jordânia;Gol;"Marcou o gol da Jordânia aos 55 minutos. | gols: 1; assistências: 0";https://www.reuters.com/sports/soccer/seventh-heaven-messi-argentina-beat-jordan-3-1-2026-06-28/
70;2026-06-27;Jordânia 1 x 3 Argentina;Nizar Alrashdan;Jordânia;Pênalti cometido;"Foi punido pelo VAR após acertar Leandro Paredes na cabeça, lance que gerou pênalti argentino. | gols: 0; assistências: 0";https://www.reuters.com/sports/soccer/seventh-heaven-messi-argentina-beat-jordan-3-1-2026-06-28/
71;2026-06-27;Colômbia 0 x 0 Portugal;Camilo Vargas;Colômbia;Defesa importante;"Defendeu finalização de Bruno Fernandes em uma das principais chances de Portugal. | gols: 0; assistências: 0";https://elpais.com/america-colombia/2026-06-27/colombia-portugal-en-vivo-el-partido-del-grupo-k-del-mundial-2026.html
71;2026-06-27;Colômbia 0 x 0 Portugal;Davinson Sánchez;Colômbia;Gol anulado;"Cabeceou para o gol nos acréscimos, mas o lance foi anulado por impedimento milimétrico. | gols: 0; assistências: 0";https://elpais.com/america-colombia/2026-06-27/colombia-portugal-en-vivo-el-partido-del-grupo-k-del-mundial-2026.html
71;2026-06-27;Colômbia 0 x 0 Portugal;Gustavo Puerta;Colômbia;Advertido;"Recebeu cartão amarelo aos 86 minutos. | gols: 0; assistências: 0; amarelos: 1";https://elpais.com/america-colombia/2026-06-27/colombia-portugal-en-vivo-el-partido-del-grupo-k-del-mundial-2026.html
71;2026-06-27;Colômbia 0 x 0 Portugal;James Rodríguez;Colômbia;Criação/destaque;"Liderou a criação colombiana e teve atuação destacada no meio-campo. | gols: 0; assistências: 0";https://elpais.com/america-colombia/2026-06-27/colombia-portugal-en-vivo-el-partido-del-grupo-k-del-mundial-2026.html
71;2026-06-27;Colômbia 0 x 0 Portugal;Bruno Fernandes;Portugal;Chance criada;"Finalizou chance clara defendida por Camilo Vargas. | gols: 0; assistências: 0";https://elpais.com/america-colombia/2026-06-27/colombia-portugal-en-vivo-el-partido-del-grupo-k-del-mundial-2026.html
71;2026-06-27;Colômbia 0 x 0 Portugal;Diogo Costa;Portugal;Destaque defensivo;"Foi providencial para segurar o empate e evitou derrota portuguesa em chances colombianas. | gols: 0; assistências: 0";https://www.reuters.com/sports/soccer/colombia-portugal-advance-after-no-bore-draw-miami-2026-06-28/ | https://elpais.com/america-colombia/2026-06-27/colombia-portugal-en-vivo-el-partido-del-grupo-k-del-mundial-2026.html
72;2026-06-27;RD Congo 3 x 1 Uzbequistão;Fiston Mayele;RD Congo;Gol da virada;"Saiu do banco e marcou o gol da virada aos 78 minutos. | gols: 1; assistências: 0";https://www.reuters.com/sports/soccer/dr-congo-seal-place-world-cup-knockouts-with-comeback-win-over-uzbekistan-2026-06-28/
72;2026-06-27;RD Congo 3 x 1 Uzbequistão;Meschack Elia;RD Congo;Participação em gol;"Seu chute bloqueado gerou a bola viva para Mayele virar o jogo. | gols: 0; assistências: 0";https://www.reuters.com/sports/soccer/dr-congo-seal-place-world-cup-knockouts-with-comeback-win-over-uzbekistan-2026-06-28/
72;2026-06-27;RD Congo 3 x 1 Uzbequistão;Nathanael Mbuku;RD Congo;Gol anulado/cartão;"Teve gol anulado após revisão de VAR e recebeu amarelo antes do intervalo. | gols: 0; assistências: 0; amarelos: 1";https://www.reuters.com/sports/soccer/dr-congo-seal-place-world-cup-knockouts-with-comeback-win-over-uzbekistan-2026-06-28/ | https://www.theguardian.com/football/live/2026/jun/27/dr-congo-v-uzbekistan-world-cup-2026-live
72;2026-06-27;RD Congo 3 x 1 Uzbequistão;Yoane Wissa;RD Congo;Destaque máximo;"Sofreu pênalti, converteu a cobrança e marcou novamente nos acréscimos. | gols: 2; assistências: 0";https://www.reuters.com/sports/soccer/dr-congo-seal-place-world-cup-knockouts-with-comeback-win-over-uzbekistan-2026-06-28/
72;2026-06-27;RD Congo 3 x 1 Uzbequistão;Abbosbek Fayzullaev;Uzbequistão;Assistência;"Deu o toque/flick que deixou Shomurodov em condição de finalizar. | gols: 0; assistências: 1";https://www.reuters.com/sports/soccer/dr-congo-seal-place-world-cup-knockouts-with-comeback-win-over-uzbekistan-2026-06-28/
72;2026-06-27;RD Congo 3 x 1 Uzbequistão;Abdukodir Khusanov;Uzbequistão;Pênalti cometido;"Cometeu pênalti sobre Wissa, lance que abriu a reação congolesa. | gols: 0; assistências: 0";https://www.reuters.com/sports/soccer/dr-congo-seal-place-world-cup-knockouts-with-comeback-win-over-uzbekistan-2026-06-28/
72;2026-06-27;RD Congo 3 x 1 Uzbequistão;Eldor Shomurodov;Uzbequistão;Gol;"Abriu o placar aos 10 minutos com toque por cobertura sobre Mpasi. | gols: 1; assistências: 0";https://www.reuters.com/sports/soccer/dr-congo-seal-place-world-cup-knockouts-with-comeback-win-over-uzbekistan-2026-06-28/
73;2026-06-28;África do Sul 0 x 1 Canadá;Alphonso Davies;Canadá;Impacto na etapa final;Entrou no segundo tempo e aumentou a ameaça ofensiva canadense antes do gol nos acréscimos.;https://www.theguardian.com/football/live/2026/jun/28/south-africa-v-canada-world-cup-2026-last-32-live
73;2026-06-28;África do Sul 0 x 1 Canadá;Stephen Eustáquio;Canadá;Gol decisivo;Marcou o gol da vitória aos 90+2, classificando o Canadá para as oitavas de final.;https://www.reuters.com/sports/soccer/canada-score-late-winner-advance-last-16-world-cup-2026-06-28/
76;2026-06-29;Brasil 2-1 Japão;Bruno Guimarães;Brasil;Assistência decisiva;Deu o passe para o gol de Gabriel Martinelli aos 90+6.;https://www.reuters.com/sports/soccer/martinelli-rescue-brazil-edge-japan-2-1-last-32-2026-06-29/ | https://www.sofascore.com/football/match/japan-brazil/YUbsvVb
76;2026-06-29;Brasil 2-1 Japão;Casemiro;Brasil;Gol + MVP + destaque defensivo;Empatou aos 56, foi Player of the Match com Sofascore Rating 8.0, acertou 2/2 finalizações no alvo, teve xG 0.65, xGOT 0.72, 68/76 passes, 7/10 bolas longas, 91 toques, 4 cortes, 2 bloqueios, 1 interceptação, 4 recuperações e 4 duelos vencidos. Recebeu amarelo aos 14 e saiu aos 90+2.;https://www.sofascore.com/news/brazil-2-1-japan-casemiro-leads-late-turnaround | https://www.sofascore.com/football/match/japan-brazil/YUbsvVb
76;2026-06-29;Brasil 2-1 Japão;Danilo;Brasil;Erro + cartão amarelo;Perdeu a bola/errou passe na origem do gol de Kaishu Sano e recebeu cartão amarelo aos 48.;https://www.reuters.com/sports/soccer/martinelli-rescue-brazil-edge-japan-2-1-last-32-2026-06-29/ | https://www.sofascore.com/football/match/japan-brazil/YUbsvVb
76;2026-06-29;Brasil 2-1 Japão;Endrick;Brasil;Impacto saindo do banco;Entrou no intervalo, adicionou energia, registrou uma finalização e três recuperações, ajudando a abrir espaços na defesa japonesa.;https://www.sofascore.com/news/brazil-2-1-japan-casemiro-leads-late-turnaround | https://www.sofascore.com/football/match/japan-brazil/YUbsvVb
76;2026-06-29;Brasil 2-1 Japão;Gabriel Magalhães;Brasil;Assistência;Cruzou/assistiu Casemiro no gol de empate aos 56.;https://www.reuters.com/sports/soccer/martinelli-rescue-brazil-edge-japan-2-1-last-32-2026-06-29/ | https://www.sofascore.com/football/match/japan-brazil/YUbsvVb
76;2026-06-29;Brasil 2-1 Japão;Gabriel Martinelli;Brasil;Gol decisivo;Entrou aos 66 e marcou o gol da vitória aos 90+6, após passe de Bruno Guimarães.;https://www.reuters.com/sports/soccer/martinelli-rescue-brazil-edge-japan-2-1-last-32-2026-06-29/ | https://www.sofascore.com/football/match/japan-brazil/YUbsvVb
76;2026-06-29;Brasil 2-1 Japão;Daichi Kamada;Japão;Cartão amarelo;Recebeu cartão amarelo aos 45.;https://www.sofascore.com/football/match/japan-brazil/YUbsvVb
76;2026-06-29;Brasil 2-1 Japão;Junnosuke Suzuki;Japão;Cartão amarelo;Entrou aos 66 e recebeu cartão amarelo aos 84.;https://www.sofascore.com/football/match/japan-brazil/YUbsvVb
76;2026-06-29;Brasil 2-1 Japão;Kaishu Sano;Japão;Gol + cartão amarelo;"Abriu o placar aos 29 após erro de Danilo; recebeu cartão amarelo aos 12.";https://www.reuters.com/sports/soccer/martinelli-rescue-brazil-edge-japan-2-1-last-32-2026-06-29/ | https://www.sofascore.com/football/match/japan-brazil/YUbsvVb
76;2026-06-29;Brasil 2-1 Japão;Zion Suzuki;Japão;Goleiro destaque;Fez defesa importante em chute de Vinícius Jr., desviando a bola para a trave/poste, mantendo o empate até os acréscimos.;https://www.reuters.com/sports/soccer/martinelli-rescue-brazil-edge-japan-2-1-last-32-2026-06-29/
