Função,Nome,Associação,Perfil de arbitragem FIFA 2026,Como avaliar individualmente,Fonte,rigor_cartoes_simulado_0_10,fluidez_jogo_simulada_0_10,var_intervencao_simulada_0_10,penalti_tendencia_simulada_0_10,observacao_simulacao
Referee,AL JASSIM Abdulrahman,QAT,"Critério FIFA 2026: controle de ritmo, redução de cera, gestão disciplinar e apoio de tecnologia","Individualmente não há nota de estilo nesta planilha; recomenda-se alimentar com faltas/jogo, cartões/jogo, pênaltis e uso de VAR por árbitro.",https://digitalhub.fifa.com/asset/7879a8c6-c228-4848-a8de-7dc69b37b594/Final-List-of-Match-Officials-FWC-2026.pdf,7.9,6.7,6.6,4.0,Perfil sintético para simulação; não representa média oficial individual de faltas/cartões.
Referee,AL TURAIS Khalid,KSA,"Critério FIFA 2026: controle de ritmo, redução de cera, gestão disciplinar e apoio de tecnologia","Individualmente não há nota de estilo nesta planilha; recomenda-se alimentar com faltas/jogo, cartões/jogo, pênaltis e uso de VAR por árbitro.",https://digitalhub.fifa.com/asset/7879a8c6-c228-4848-a8de-7dc69b37b594/Final-List-of-Match-Officials-FWC-2026.pdf,4.8,6.1,5.0,7.3,Perfil sintético para simulação; não representa média oficial individual de faltas/cartões.
Referee,ARAKI Yusuke,JPN,"Critério FIFA 2026: controle de ritmo, redução de cera, gestão disciplinar e apoio de tecnologia","Individualmente não há nota de estilo nesta planilha; recomenda-se alimentar com faltas/jogo, cartões/jogo, pênaltis e uso de VAR por árbitro.",https://digitalhub.fifa.com/asset/7879a8c6-c228-4848-a8de-7dc69b37b594/Final-List-of-Match-Officials-FWC-2026.pdf,5.8,5.0,8.1,7.4,Perfil sintético para simulação; não representa média oficial individual de faltas/cartões.
Referee,ARTAN Omar Abdulkadir,SOM,"Critério FIFA 2026: controle de ritmo, redução de cera, gestão disciplinar e apoio de tecnologia","Individualmente não há nota de estilo nesta planilha; recomenda-se alimentar com faltas/jogo, cartões/jogo, pênaltis e uso de VAR por árbitro.",https://digitalhub.fifa.com/asset/7879a8c6-c228-4848-a8de-7dc69b37b594/Final-List-of-Match-Officials-FWC-2026.pdf,6.5,5.8,6.3,5.3,Perfil sintético para simulação; não representa média oficial individual de faltas/cartões.
Referee,ATCHO Pierre,GAB,"Critério FIFA 2026: controle de ritmo, redução de cera, gestão disciplinar e apoio de tecnologia","Individualmente não há nota de estilo nesta planilha; recomenda-se alimentar com faltas/jogo, cartões/jogo, pênaltis e uso de VAR por árbitro.",https://digitalhub.fifa.com/asset/7879a8c6-c228-4848-a8de-7dc69b37b594/Final-List-of-Match-Officials-FWC-2026.pdf,7.6,7.7,7.5,5.9,Perfil sintético para simulação; não representa média oficial individual de faltas/cartões.
Referee,BARTON Ivan,SLV,"Critério FIFA 2026: controle de ritmo, redução de cera, gestão disciplinar e apoio de tecnologia","Individualmente não há nota de estilo nesta planilha; recomenda-se alimentar com faltas/jogo, cartões/jogo, pênaltis e uso de VAR por árbitro.",https://digitalhub.fifa.com/asset/7879a8c6-c228-4848-a8de-7dc69b37b594/Final-List-of-Match-Officials-FWC-2026.pdf,5.8,4.5,5.2,6.3,Perfil sintético para simulação; não representa média oficial individual de faltas/cartões.
Referee,BEIDA Dahane,MTN,"Critério FIFA 2026: controle de ritmo, redução de cera, gestão disciplinar e apoio de tecnologia","Individualmente não há nota de estilo nesta planilha; recomenda-se alimentar com faltas/jogo, cartões/jogo, pênaltis e uso de VAR por árbitro.",https://digitalhub.fifa.com/asset/7879a8c6-c228-4848-a8de-7dc69b37b594/Final-List-of-Match-Officials-FWC-2026.pdf,6.9,5.9,7.3,6.1,Perfil sintético para simulação; não representa média oficial individual de faltas/cartões.
Referee,BENITEZ Juan Gabriel,PAR,"Critério FIFA 2026: controle de ritmo, redução de cera, gestão disciplinar e apoio de tecnologia","Individualmente não há nota de estilo nesta planilha; recomenda-se alimentar com faltas/jogo, cartões/jogo, pênaltis e uso de VAR por árbitro.",https://digitalhub.fifa.com/asset/7879a8c6-c228-4848-a8de-7dc69b37b594/Final-List-of-Match-Officials-FWC-2026.pdf,6.5,5.3,6.0,6.4,Perfil sintético para simulação; não representa média oficial individual de faltas/cartões.
Referee,CALDERON Juan,CRC,"Critério FIFA 2026: controle de ritmo, redução de cera, gestão disciplinar e apoio de tecnologia","Individualmente não há nota de estilo nesta planilha; recomenda-se alimentar com faltas/jogo, cartões/jogo, pênaltis e uso de VAR por árbitro.",https://digitalhub.fifa.com/asset/7879a8c6-c228-4848-a8de-7dc69b37b594/Final-List-of-Match-Officials-FWC-2026.pdf,6.2,7.5,8.0,5.2,Perfil sintético para simulação; não representa média oficial individual de faltas/cartões.
Referee,CLAUS Raphael,BRA,"Critério FIFA 2026: controle de ritmo, redução de cera, gestão disciplinar e apoio de tecnologia","Individualmente não há nota de estilo nesta planilha; recomenda-se alimentar com faltas/jogo, cartões/jogo, pênaltis e uso de VAR por árbitro.",https://digitalhub.fifa.com/asset/7879a8c6-c228-4848-a8de-7dc69b37b594/Final-List-of-Match-Officials-FWC-2026.pdf,8.2,4.9,4.8,5.9,Perfil sintético para simulação; não representa média oficial individual de faltas/cartões.
Referee,ELFATH Ismail,USA,"Critério FIFA 2026: controle de ritmo, redução de cera, gestão disciplinar e apoio de tecnologia","Individualmente não há nota de estilo nesta planilha; recomenda-se alimentar com faltas/jogo, cartões/jogo, pênaltis e uso de VAR por árbitro.",https://digitalhub.fifa.com/asset/7879a8c6-c228-4848-a8de-7dc69b37b594/Final-List-of-Match-Officials-FWC-2026.pdf,8.0,7.7,4.8,4.9,Perfil sintético para simulação; não representa média oficial individual de faltas/cartões.
Referee,ESKAS Espen,NOR,"Critério FIFA 2026: controle de ritmo, redução de cera, gestão disciplinar e apoio de tecnologia","Individualmente não há nota de estilo nesta planilha; recomenda-se alimentar com faltas/jogo, cartões/jogo, pênaltis e uso de VAR por árbitro.",https://digitalhub.fifa.com/asset/7879a8c6-c228-4848-a8de-7dc69b37b594/Final-List-of-Match-Officials-FWC-2026.pdf,6.4,6.6,6.0,7.2,Perfil sintético para simulação; não representa média oficial individual de faltas/cartões.
Referee,FAGHANI Alireza,AUS,"Critério FIFA 2026: controle de ritmo, redução de cera, gestão disciplinar e apoio de tecnologia","Individualmente não há nota de estilo nesta planilha; recomenda-se alimentar com faltas/jogo, cartões/jogo, pênaltis e uso de VAR por árbitro.",https://digitalhub.fifa.com/asset/7879a8c6-c228-4848-a8de-7dc69b37b594/Final-List-of-Match-Officials-FWC-2026.pdf,6.6,7.8,5.3,5.4,Perfil sintético para simulação; não representa média oficial individual de faltas/cartões.
Referee,FALCON PEREZ Yael,ARG,"Critério FIFA 2026: controle de ritmo, redução de cera, gestão disciplinar e apoio de tecnologia","Individualmente não há nota de estilo nesta planilha; recomenda-se alimentar com faltas/jogo, cartões/jogo, pênaltis e uso de VAR por árbitro.",https://digitalhub.fifa.com/asset/7879a8c6-c228-4848-a8de-7dc69b37b594/Final-List-of-Match-Officials-FWC-2026.pdf,4.7,6.3,7.0,4.1,Perfil sintético para simulação; não representa média oficial individual de faltas/cartões.
Referee,FISCHER Drew,CAN,"Critério FIFA 2026: controle de ritmo, redução de cera, gestão disciplinar e apoio de tecnologia","Individualmente não há nota de estilo nesta planilha; recomenda-se alimentar com faltas/jogo, cartões/jogo, pênaltis e uso de VAR por árbitro.",https://digitalhub.fifa.com/asset/7879a8c6-c228-4848-a8de-7dc69b37b594/Final-List-of-Match-Officials-FWC-2026.pdf,5.4,7.9,5.9,4.8,Perfil sintético para simulação; não representa média oficial individual de faltas/cartões.
Referee,GARAY Cristian,CHI,"Critério FIFA 2026: controle de ritmo, redução de cera, gestão disciplinar e apoio de tecnologia","Individualmente não há nota de estilo nesta planilha; recomenda-se alimentar com faltas/jogo, cartões/jogo, pênaltis e uso de VAR por árbitro.",https://digitalhub.fifa.com/asset/7879a8c6-c228-4848-a8de-7dc69b37b594/Final-List-of-Match-Officials-FWC-2026.pdf,7.8,7.6,6.4,6.0,Perfil sintético para simulação; não representa média oficial individual de faltas/cartões.
Referee,GARCIA Katia,MEX,"Critério FIFA 2026: controle de ritmo, redução de cera, gestão disciplinar e apoio de tecnologia","Individualmente não há nota de estilo nesta planilha; recomenda-se alimentar com faltas/jogo, cartões/jogo, pênaltis e uso de VAR por árbitro.",https://digitalhub.fifa.com/asset/7879a8c6-c228-4848-a8de-7dc69b37b594/Final-List-of-Match-Officials-FWC-2026.pdf,6.7,7.9,5.0,6.2,Perfil sintético para simulação; não representa média oficial individual de faltas/cartões.
Referee,GHORBAL Mustapha,ALG,"Critério FIFA 2026: controle de ritmo, redução de cera, gestão disciplinar e apoio de tecnologia","Individualmente não há nota de estilo nesta planilha; recomenda-se alimentar com faltas/jogo, cartões/jogo, pênaltis e uso de VAR por árbitro.",https://digitalhub.fifa.com/asset/7879a8c6-c228-4848-a8de-7dc69b37b594/Final-List-of-Match-Officials-FWC-2026.pdf,6.3,6.3,8.0,6.0,Perfil sintético para simulação; não representa média oficial individual de faltas/cartões.
Referee,HERNANDEZ Alejandro,ESP,"Critério FIFA 2026: controle de ritmo, redução de cera, gestão disciplinar e apoio de tecnologia","Individualmente não há nota de estilo nesta planilha; recomenda-se alimentar com faltas/jogo, cartões/jogo, pênaltis e uso de VAR por árbitro.",https://digitalhub.fifa.com/asset/7879a8c6-c228-4848-a8de-7dc69b37b594/Final-List-of-Match-Officials-FWC-2026.pdf,8.0,5.4,6.2,6.7,Perfil sintético para simulação; não representa média oficial individual de faltas/cartões.
Referee,HERRERA Dario,ARG,"Critério FIFA 2026: controle de ritmo, redução de cera, gestão disciplinar e apoio de tecnologia","Individualmente não há nota de estilo nesta planilha; recomenda-se alimentar com faltas/jogo, cartões/jogo, pênaltis e uso de VAR por árbitro.",https://digitalhub.fifa.com/asset/7879a8c6-c228-4848-a8de-7dc69b37b594/Final-List-of-Match-Officials-FWC-2026.pdf,6.8,5.0,7.7,5.0,Perfil sintético para simulação; não representa média oficial individual de faltas/cartões.
Referee,JAYED Jalal,MAR,"Critério FIFA 2026: controle de ritmo, redução de cera, gestão disciplinar e apoio de tecnologia","Individualmente não há nota de estilo nesta planilha; recomenda-se alimentar com faltas/jogo, cartões/jogo, pênaltis e uso de VAR por árbitro.",https://digitalhub.fifa.com/asset/7879a8c6-c228-4848-a8de-7dc69b37b594/Final-List-of-Match-Officials-FWC-2026.pdf,6.4,5.9,4.8,5.7,Perfil sintético para simulação; não representa média oficial individual de faltas/cartões.
Referee,KAWANA-WAUGH Campbell-Kirk,NZL,"Critério FIFA 2026: controle de ritmo, redução de cera, gestão disciplinar e apoio de tecnologia","Individualmente não há nota de estilo nesta planilha; recomenda-se alimentar com faltas/jogo, cartões/jogo, pênaltis e uso de VAR por árbitro.",https://digitalhub.fifa.com/asset/7879a8c6-c228-4848-a8de-7dc69b37b594/Final-List-of-Match-Officials-FWC-2026.pdf,5.9,7.7,6.1,5.5,Perfil sintético para simulação; não representa média oficial individual de faltas/cartões.
Referee,KOVACS Istvan,ROU,"Critério FIFA 2026: controle de ritmo, redução de cera, gestão disciplinar e apoio de tecnologia","Individualmente não há nota de estilo nesta planilha; recomenda-se alimentar com faltas/jogo, cartões/jogo, pênaltis e uso de VAR por árbitro.",https://digitalhub.fifa.com/asset/7879a8c6-c228-4848-a8de-7dc69b37b594/Final-List-of-Match-Officials-FWC-2026.pdf,6.2,6.3,7.2,5.9,Perfil sintético para simulação; não representa média oficial individual de faltas/cartões.
Referee,LETEXIER Francois,FRA,"Critério FIFA 2026: controle de ritmo, redução de cera, gestão disciplinar e apoio de tecnologia","Individualmente não há nota de estilo nesta planilha; recomenda-se alimentar com faltas/jogo, cartões/jogo, pênaltis e uso de VAR por árbitro.",https://digitalhub.fifa.com/asset/7879a8c6-c228-4848-a8de-7dc69b37b594/Final-List-of-Match-Officials-FWC-2026.pdf,4.9,7.2,6.5,6.0,Perfil sintético para simulação; não representa média oficial individual de faltas/cartões.
Referee,MA Ning,CHN,"Critério FIFA 2026: controle de ritmo, redução de cera, gestão disciplinar e apoio de tecnologia","Individualmente não há nota de estilo nesta planilha; recomenda-se alimentar com faltas/jogo, cartões/jogo, pênaltis e uso de VAR por árbitro.",https://digitalhub.fifa.com/asset/7879a8c6-c228-4848-a8de-7dc69b37b594/Final-List-of-Match-Officials-FWC-2026.pdf,7.2,5.1,7.3,5.1,Perfil sintético para simulação; não representa média oficial individual de faltas/cartões.
Referee,MAKHADMEH Adham,JOR,"Critério FIFA 2026: controle de ritmo, redução de cera, gestão disciplinar e apoio de tecnologia","Individualmente não há nota de estilo nesta planilha; recomenda-se alimentar com faltas/jogo, cartões/jogo, pênaltis e uso de VAR por árbitro.",https://digitalhub.fifa.com/asset/7879a8c6-c228-4848-a8de-7dc69b37b594/Final-List-of-Match-Officials-FWC-2026.pdf,4.2,6.3,6.5,5.8,Perfil sintético para simulação; não representa média oficial individual de faltas/cartões.
Referee,MAKKELIE Danny,NED,"Critério FIFA 2026: controle de ritmo, redução de cera, gestão disciplinar e apoio de tecnologia","Individualmente não há nota de estilo nesta planilha; recomenda-se alimentar com faltas/jogo, cartões/jogo, pênaltis e uso de VAR por árbitro.",https://digitalhub.fifa.com/asset/7879a8c6-c228-4848-a8de-7dc69b37b594/Final-List-of-Match-Officials-FWC-2026.pdf,7.3,7.2,5.5,6.7,Perfil sintético para simulação; não representa média oficial individual de faltas/cartões.
Referee,MARCINIAK Szymon,POL,"Critério FIFA 2026: controle de ritmo, redução de cera, gestão disciplinar e apoio de tecnologia","Individualmente não há nota de estilo nesta planilha; recomenda-se alimentar com faltas/jogo, cartões/jogo, pênaltis e uso de VAR por árbitro.",https://digitalhub.fifa.com/asset/7879a8c6-c228-4848-a8de-7dc69b37b594/Final-List-of-Match-Officials-FWC-2026.pdf,8.0,7.0,8.0,6.6,Perfil sintético para simulação; não representa média oficial individual de faltas/cartões.
Referee,MARIANI Maurizio,ITA,"Critério FIFA 2026: controle de ritmo, redução de cera, gestão disciplinar e apoio de tecnologia","Individualmente não há nota de estilo nesta planilha; recomenda-se alimentar com faltas/jogo, cartões/jogo, pênaltis e uso de VAR por árbitro.",https://digitalhub.fifa.com/asset/7879a8c6-c228-4848-a8de-7dc69b37b594/Final-List-of-Match-Officials-FWC-2026.pdf,7.2,6.5,7.8,4.1,Perfil sintético para simulação; não representa média oficial individual de faltas/cartões.
Referee,MARTINEZ Hector Said,HON,"Critério FIFA 2026: controle de ritmo, redução de cera, gestão disciplinar e apoio de tecnologia","Individualmente não há nota de estilo nesta planilha; recomenda-se alimentar com faltas/jogo, cartões/jogo, pênaltis e uso de VAR por árbitro.",https://digitalhub.fifa.com/asset/7879a8c6-c228-4848-a8de-7dc69b37b594/Final-List-of-Match-Officials-FWC-2026.pdf,8.2,7.7,7.2,4.6,Perfil sintético para simulação; não representa média oficial individual de faltas/cartões.
Referee,MOHAMED Amin,EGY,"Critério FIFA 2026: controle de ritmo, redução de cera, gestão disciplinar e apoio de tecnologia","Individualmente não há nota de estilo nesta planilha; recomenda-se alimentar com faltas/jogo, cartões/jogo, pênaltis e uso de VAR por árbitro.",https://digitalhub.fifa.com/asset/7879a8c6-c228-4848-a8de-7dc69b37b594/Final-List-of-Match-Officials-FWC-2026.pdf,4.2,5.7,5.2,5.3,Perfil sintético para simulação; não representa média oficial individual de faltas/cartões.
Referee,NATION Oshane,JAM,"Critério FIFA 2026: controle de ritmo, redução de cera, gestão disciplinar e apoio de tecnologia","Individualmente não há nota de estilo nesta planilha; recomenda-se alimentar com faltas/jogo, cartões/jogo, pênaltis e uso de VAR por árbitro.",https://digitalhub.fifa.com/asset/7879a8c6-c228-4848-a8de-7dc69b37b594/Final-List-of-Match-Officials-FWC-2026.pdf,5.5,7.7,7.5,6.5,Perfil sintético para simulação; não representa média oficial individual de faltas/cartões.
Referee,NYBERG Glenn,SWE,"Critério FIFA 2026: controle de ritmo, redução de cera, gestão disciplinar e apoio de tecnologia","Individualmente não há nota de estilo nesta planilha; recomenda-se alimentar com faltas/jogo, cartões/jogo, pênaltis e uso de VAR por árbitro.",https://digitalhub.fifa.com/asset/7879a8c6-c228-4848-a8de-7dc69b37b594/Final-List-of-Match-Officials-FWC-2026.pdf,8.2,4.6,5.3,5.6,Perfil sintético para simulação; não representa média oficial individual de faltas/cartões.
Referee,OLIVER Michael,ENG,"Critério FIFA 2026: controle de ritmo, redução de cera, gestão disciplinar e apoio de tecnologia","Individualmente não há nota de estilo nesta planilha; recomenda-se alimentar com faltas/jogo, cartões/jogo, pênaltis e uso de VAR por árbitro.",https://digitalhub.fifa.com/asset/7879a8c6-c228-4848-a8de-7dc69b37b594/Final-List-of-Match-Officials-FWC-2026.pdf,4.3,6.9,8.1,4.2,Perfil sintético para simulação; não representa média oficial individual de faltas/cartões.
Referee,OMAR AL ALI,UAE,"Critério FIFA 2026: controle de ritmo, redução de cera, gestão disciplinar e apoio de tecnologia","Individualmente não há nota de estilo nesta planilha; recomenda-se alimentar com faltas/jogo, cartões/jogo, pênaltis e uso de VAR por árbitro.",https://digitalhub.fifa.com/asset/7879a8c6-c228-4848-a8de-7dc69b37b594/Final-List-of-Match-Officials-FWC-2026.pdf,7.7,4.7,6.4,5.9,Perfil sintético para simulação; não representa média oficial individual de faltas/cartões.
Referee,ORTEGA Kevin,PER,"Critério FIFA 2026: controle de ritmo, redução de cera, gestão disciplinar e apoio de tecnologia","Individualmente não há nota de estilo nesta planilha; recomenda-se alimentar com faltas/jogo, cartões/jogo, pênaltis e uso de VAR por árbitro.",https://digitalhub.fifa.com/asset/7879a8c6-c228-4848-a8de-7dc69b37b594/Final-List-of-Match-Officials-FWC-2026.pdf,7.4,7.9,5.6,4.0,Perfil sintético para simulação; não representa média oficial individual de faltas/cartões.
Referee,PENSO Tori,USA,"Critério FIFA 2026: controle de ritmo, redução de cera, gestão disciplinar e apoio de tecnologia","Individualmente não há nota de estilo nesta planilha; recomenda-se alimentar com faltas/jogo, cartões/jogo, pênaltis e uso de VAR por árbitro.",https://digitalhub.fifa.com/asset/7879a8c6-c228-4848-a8de-7dc69b37b594/Final-List-of-Match-Officials-FWC-2026.pdf,7.1,5.5,8.1,5.8,Perfil sintético para simulação; não representa média oficial individual de faltas/cartões.
Referee,PINHEIRO Joao,POR,"Critério FIFA 2026: controle de ritmo, redução de cera, gestão disciplinar e apoio de tecnologia","Individualmente não há nota de estilo nesta planilha; recomenda-se alimentar com faltas/jogo, cartões/jogo, pênaltis e uso de VAR por árbitro.",https://digitalhub.fifa.com/asset/7879a8c6-c228-4848-a8de-7dc69b37b594/Final-List-of-Match-Officials-FWC-2026.pdf,4.5,4.5,7.7,7.2,Perfil sintético para simulação; não representa média oficial individual de faltas/cartões.
Referee,RAMON ABATTI,BRA,"Critério FIFA 2026: controle de ritmo, redução de cera, gestão disciplinar e apoio de tecnologia","Individualmente não há nota de estilo nesta planilha; recomenda-se alimentar com faltas/jogo, cartões/jogo, pênaltis e uso de VAR por árbitro.",https://digitalhub.fifa.com/asset/7879a8c6-c228-4848-a8de-7dc69b37b594/Final-List-of-Match-Officials-FWC-2026.pdf,8.2,7.0,5.6,4.2,Perfil sintético para simulação; não representa média oficial individual de faltas/cartões.
Referee,RAMOS Cesar,MEX,"Critério FIFA 2026: controle de ritmo, redução de cera, gestão disciplinar e apoio de tecnologia","Individualmente não há nota de estilo nesta planilha; recomenda-se alimentar com faltas/jogo, cartões/jogo, pênaltis e uso de VAR por árbitro.",https://digitalhub.fifa.com/asset/7879a8c6-c228-4848-a8de-7dc69b37b594/Final-List-of-Match-Officials-FWC-2026.pdf,5.9,7.9,5.0,6.6,Perfil sintético para simulação; não representa média oficial individual de faltas/cartões.
Referee,ROJAS Andres,COL,"Critério FIFA 2026: controle de ritmo, redução de cera, gestão disciplinar e apoio de tecnologia","Individualmente não há nota de estilo nesta planilha; recomenda-se alimentar com faltas/jogo, cartões/jogo, pênaltis e uso de VAR por árbitro.",https://digitalhub.fifa.com/asset/7879a8c6-c228-4848-a8de-7dc69b37b594/Final-List-of-Match-Officials-FWC-2026.pdf,7.6,6.3,6.3,4.1,Perfil sintético para simulação; não representa média oficial individual de faltas/cartões.
Referee,SCHAERER Sandro,SUI,"Critério FIFA 2026: controle de ritmo, redução de cera, gestão disciplinar e apoio de tecnologia","Individualmente não há nota de estilo nesta planilha; recomenda-se alimentar com faltas/jogo, cartões/jogo, pênaltis e uso de VAR por árbitro.",https://digitalhub.fifa.com/asset/7879a8c6-c228-4848-a8de-7dc69b37b594/Final-List-of-Match-Officials-FWC-2026.pdf,5.1,7.4,6.5,6.9,Perfil sintético para simulação; não representa média oficial individual de faltas/cartões.
Referee,TANTASHEV Ilgiz,UZB,"Critério FIFA 2026: controle de ritmo, redução de cera, gestão disciplinar e apoio de tecnologia","Individualmente não há nota de estilo nesta planilha; recomenda-se alimentar com faltas/jogo, cartões/jogo, pênaltis e uso de VAR por árbitro.",https://digitalhub.fifa.com/asset/7879a8c6-c228-4848-a8de-7dc69b37b594/Final-List-of-Match-Officials-FWC-2026.pdf,5.5,7.3,5.8,5.8,Perfil sintético para simulação; não representa média oficial individual de faltas/cartões.
Referee,TAYLOR Anthony,ENG,"Critério FIFA 2026: controle de ritmo, redução de cera, gestão disciplinar e apoio de tecnologia","Individualmente não há nota de estilo nesta planilha; recomenda-se alimentar com faltas/jogo, cartões/jogo, pênaltis e uso de VAR por árbitro.",https://digitalhub.fifa.com/asset/7879a8c6-c228-4848-a8de-7dc69b37b594/Final-List-of-Match-Officials-FWC-2026.pdf,6.3,6.4,7.5,6.2,Perfil sintético para simulação; não representa média oficial individual de faltas/cartões.
Referee,TEJERA Gustavo,URU,"Critério FIFA 2026: controle de ritmo, redução de cera, gestão disciplinar e apoio de tecnologia","Individualmente não há nota de estilo nesta planilha; recomenda-se alimentar com faltas/jogo, cartões/jogo, pênaltis e uso de VAR por árbitro.",https://digitalhub.fifa.com/asset/7879a8c6-c228-4848-a8de-7dc69b37b594/Final-List-of-Match-Officials-FWC-2026.pdf,5.1,5.1,5.1,5.8,Perfil sintético para simulação; não representa média oficial individual de faltas/cartões.
Referee,TELLO Facundo,ARG,"Critério FIFA 2026: controle de ritmo, redução de cera, gestão disciplinar e apoio de tecnologia","Individualmente não há nota de estilo nesta planilha; recomenda-se alimentar com faltas/jogo, cartões/jogo, pênaltis e uso de VAR por árbitro.",https://digitalhub.fifa.com/asset/7879a8c6-c228-4848-a8de-7dc69b37b594/Final-List-of-Match-Officials-FWC-2026.pdf,5.3,5.7,7.4,4.5,Perfil sintético para simulação; não representa média oficial individual de faltas/cartões.
Referee,TOM Abongile,RSA,"Critério FIFA 2026: controle de ritmo, redução de cera, gestão disciplinar e apoio de tecnologia","Individualmente não há nota de estilo nesta planilha; recomenda-se alimentar com faltas/jogo, cartões/jogo, pênaltis e uso de VAR por árbitro.",https://digitalhub.fifa.com/asset/7879a8c6-c228-4848-a8de-7dc69b37b594/Final-List-of-Match-Officials-FWC-2026.pdf,5.0,4.5,7.9,4.0,Perfil sintético para simulação; não representa média oficial individual de faltas/cartões.
Referee,TURPIN Clement,FRA,"Critério FIFA 2026: controle de ritmo, redução de cera, gestão disciplinar e apoio de tecnologia","Individualmente não há nota de estilo nesta planilha; recomenda-se alimentar com faltas/jogo, cartões/jogo, pênaltis e uso de VAR por árbitro.",https://digitalhub.fifa.com/asset/7879a8c6-c228-4848-a8de-7dc69b37b594/Final-List-of-Match-Officials-FWC-2026.pdf,4.9,6.7,5.9,7.1,Perfil sintético para simulação; não representa média oficial individual de faltas/cartões.
Referee,VALENZUELA Jesus,VEN,"Critério FIFA 2026: controle de ritmo, redução de cera, gestão disciplinar e apoio de tecnologia","Individualmente não há nota de estilo nesta planilha; recomenda-se alimentar com faltas/jogo, cartões/jogo, pênaltis e uso de VAR por árbitro.",https://digitalhub.fifa.com/asset/7879a8c6-c228-4848-a8de-7dc69b37b594/Final-List-of-Match-Officials-FWC-2026.pdf,6.5,7.9,5.6,5.7,Perfil sintético para simulação; não representa média oficial individual de faltas/cartões.
Referee,VINCIC Slavko,SVN,"Critério FIFA 2026: controle de ritmo, redução de cera, gestão disciplinar e apoio de tecnologia","Individualmente não há nota de estilo nesta planilha; recomenda-se alimentar com faltas/jogo, cartões/jogo, pênaltis e uso de VAR por árbitro.",https://digitalhub.fifa.com/asset/7879a8c6-c228-4848-a8de-7dc69b37b594/Final-List-of-Match-Officials-FWC-2026.pdf,5.0,5.1,5.2,5.9,Perfil sintético para simulação; não representa média oficial individual de faltas/cartões.
Referee,WILTON SAMPAIO,BRA,"Critério FIFA 2026: controle de ritmo, redução de cera, gestão disciplinar e apoio de tecnologia","Individualmente não há nota de estilo nesta planilha; recomenda-se alimentar com faltas/jogo, cartões/jogo, pênaltis e uso de VAR por árbitro.",https://digitalhub.fifa.com/asset/7879a8c6-c228-4848-a8de-7dc69b37b594/Final-List-of-Match-Officials-FWC-2026.pdf,4.9,5.1,5.6,7.3,Perfil sintético para simulação; não representa média oficial individual de faltas/cartões.
Referee,ZWAYER Felix,GER,"Critério FIFA 2026: controle de ritmo, redução de cera, gestão disciplinar e apoio de tecnologia","Individualmente não há nota de estilo nesta planilha; recomenda-se alimentar com faltas/jogo, cartões/jogo, pênaltis e uso de VAR por árbitro.",https://digitalhub.fifa.com/asset/7879a8c6-c228-4848-a8de-7dc69b37b594/Final-List-of-Match-Officials-FWC-2026.pdf,8.2,6.4,5.6,7.1,Perfil sintético para simulação; não representa média oficial individual de faltas/cartões.
Assistant Referee,ABEIGNE Amos,GAB,"Foco em linha, impedimento e colaboração com tecnologia semiautomática","Com SAOT, a tendência é reduzir erro factual de impedimento; ainda pesa comunicação e posicionamento em lances complexos.",https://digitalhub.fifa.com/asset/7879a8c6-c228-4848-a8de-7dc69b37b594/Final-List-of-Match-Officials-FWC-2026.pdf,5.7,6.8,5.8,7.4,Perfil sintético para simulação; não representa média oficial individual de faltas/cartões.
Assistant Referee,ABOUELREGAL Mahmoud,EGY,"Foco em linha, impedimento e colaboração com tecnologia semiautomática","Com SAOT, a tendência é reduzir erro factual de impedimento; ainda pesa comunicação e posicionamento em lances complexos.",https://digitalhub.fifa.com/asset/7879a8c6-c228-4848-a8de-7dc69b37b594/Final-List-of-Match-Officials-FWC-2026.pdf,5.6,6.9,7.8,6.0,Perfil sintético para simulação; não representa média oficial individual de faltas/cartões.
Assistant Referee,AKARKAD Mostafa,MAR,"Foco em linha, impedimento e colaboração com tecnologia semiautomática","Com SAOT, a tendência é reduzir erro factual de impedimento; ainda pesa comunicação e posicionamento em lances complexos.",https://digitalhub.fifa.com/asset/7879a8c6-c228-4848-a8de-7dc69b37b594/Final-List-of-Match-Officials-FWC-2026.pdf,6.3,5.4,6.6,4.3,Perfil sintético para simulação; não representa média oficial individual de faltas/cartões.
Assistant Referee,AL ABAKRY Mohammed,KSA,"Foco em linha, impedimento e colaboração com tecnologia semiautomática","Com SAOT, a tendência é reduzir erro factual de impedimento; ainda pesa comunicação e posicionamento em lances complexos.",https://digitalhub.fifa.com/asset/7879a8c6-c228-4848-a8de-7dc69b37b594/Final-List-of-Match-Officials-FWC-2026.pdf,6.9,7.6,6.9,7.3,Perfil sintético para simulação; não representa média oficial individual de faltas/cartões.
Assistant Referee,AL HAMMADI Mohamed,UAE,"Foco em linha, impedimento e colaboração com tecnologia semiautomática","Com SAOT, a tendência é reduzir erro factual de impedimento; ainda pesa comunicação e posicionamento em lances complexos.",https://digitalhub.fifa.com/asset/7879a8c6-c228-4848-a8de-7dc69b37b594/Final-List-of-Match-Officials-FWC-2026.pdf,7.6,6.4,6.9,5.6,Perfil sintético para simulação; não representa média oficial individual de faltas/cartões.
Assistant Referee,AL KALAF Mohammad,JOR,"Foco em linha, impedimento e colaboração com tecnologia semiautomática","Com SAOT, a tendência é reduzir erro factual de impedimento; ainda pesa comunicação e posicionamento em lances complexos.",https://digitalhub.fifa.com/asset/7879a8c6-c228-4848-a8de-7dc69b37b594/Final-List-of-Match-Officials-FWC-2026.pdf,4.8,4.9,5.5,4.6,Perfil sintético para simulação; não representa média oficial individual de faltas/cartões.
Assistant Referee,AL MAQALEH Saoud,QAT,"Foco em linha, impedimento e colaboração com tecnologia semiautomática","Com SAOT, a tendência é reduzir erro factual de impedimento; ainda pesa comunicação e posicionamento em lances complexos.",https://digitalhub.fifa.com/asset/7879a8c6-c228-4848-a8de-7dc69b37b594/Final-List-of-Match-Officials-FWC-2026.pdf,5.8,7.4,5.1,4.4,Perfil sintético para simulação; não representa média oficial individual de faltas/cartões.
Assistant Referee,AL MARRI Taleb,QAT,"Foco em linha, impedimento e colaboração com tecnologia semiautomática","Com SAOT, a tendência é reduzir erro factual de impedimento; ainda pesa comunicação e posicionamento em lances complexos.",https://digitalhub.fifa.com/asset/7879a8c6-c228-4848-a8de-7dc69b37b594/Final-List-of-Match-Officials-FWC-2026.pdf,7.2,7.6,7.7,5.5,Perfil sintético para simulação; não representa média oficial individual de faltas/cartões.
Assistant Referee,AL ROALLE Ahmad,JOR,"Foco em linha, impedimento e colaboração com tecnologia semiautomática","Com SAOT, a tendência é reduzir erro factual de impedimento; ainda pesa comunicação e posicionamento em lances complexos.",https://digitalhub.fifa.com/asset/7879a8c6-c228-4848-a8de-7dc69b37b594/Final-List-of-Match-Officials-FWC-2026.pdf,7.2,5.2,6.3,7.1,Perfil sintético para simulação; não representa média oficial individual de faltas/cartões.
Assistant Referee,ARFA Lyes,CAN,"Foco em linha, impedimento e colaboração com tecnologia semiautomática","Com SAOT, a tendência é reduzir erro factual de impedimento; ainda pesa comunicação e posicionamento em lances complexos.",https://digitalhub.fifa.com/asset/7879a8c6-c228-4848-a8de-7dc69b37b594/Final-List-of-Match-Officials-FWC-2026.pdf,5.6,4.9,7.1,6.5,Perfil sintético para simulação; não representa média oficial individual de faltas/cartões.
Assistant Referee,ATKINS Kyle,USA,"Foco em linha, impedimento e colaboração com tecnologia semiautomática","Com SAOT, a tendência é reduzir erro factual de impedimento; ainda pesa comunicação e posicionamento em lances complexos.",https://digitalhub.fifa.com/asset/7879a8c6-c228-4848-a8de-7dc69b37b594/Final-List-of-Match-Officials-FWC-2026.pdf,8.1,7.2,5.3,5.9,Perfil sintético para simulação; não representa média oficial individual de faltas/cartões.
Assistant Referee,BARREIRO Carlos,URU,"Foco em linha, impedimento e colaboração com tecnologia semiautomática","Com SAOT, a tendência é reduzir erro factual de impedimento; ainda pesa comunicação e posicionamento em lances complexos.",https://digitalhub.fifa.com/asset/7879a8c6-c228-4848-a8de-7dc69b37b594/Final-List-of-Match-Officials-FWC-2026.pdf,5.1,4.7,5.3,7.1,Perfil sintético para simulação; não representa média oficial individual de faltas/cartões.
Assistant Referee,BARWEGEN Micheal,CAN,"Foco em linha, impedimento e colaboração com tecnologia semiautomática","Com SAOT, a tendência é reduzir erro factual de impedimento; ainda pesa comunicação e posicionamento em lances complexos.",https://digitalhub.fifa.com/asset/7879a8c6-c228-4848-a8de-7dc69b37b594/Final-List-of-Match-Officials-FWC-2026.pdf,6.1,7.8,5.2,5.2,Perfil sintético para simulação; não representa média oficial individual de faltas/cartões.
Assistant Referee,BASHEVKIN Isaak,NOR,"Foco em linha, impedimento e colaboração com tecnologia semiautomática","Com SAOT, a tendência é reduzir erro factual de impedimento; ainda pesa comunicação e posicionamento em lances complexos.",https://digitalhub.fifa.com/asset/7879a8c6-c228-4848-a8de-7dc69b37b594/Final-List-of-Match-Officials-FWC-2026.pdf,4.3,5.5,6.7,6.1,Perfil sintético para simulação; não representa média oficial individual de faltas/cartões.
Assistant Referee,KUPSIK Adam,POL,"Foco em linha, impedimento e colaboração com tecnologia semiautomática","Com SAOT, a tendência é reduzir erro factual de impedimento; ainda pesa comunicação e posicionamento em lances complexos.",https://digitalhub.fifa.com/asset/7879a8c6-c228-4848-a8de-7dc69b37b594/Final-List-of-Match-Officials-FWC-2026.pdf,5.5,5.6,6.9,5.3,Perfil sintético para simulação; não representa média oficial individual de faltas/cartões.
Assistant Referee,BEIGI Mahbod,SWE,"Foco em linha, impedimento e colaboração com tecnologia semiautomática","Com SAOT, a tendência é reduzir erro factual de impedimento; ainda pesa comunicação e posicionamento em lances complexos.",https://digitalhub.fifa.com/asset/7879a8c6-c228-4848-a8de-7dc69b37b594/Final-List-of-Match-Officials-FWC-2026.pdf,7.4,6.3,8.0,4.5,Perfil sintético para simulação; não representa média oficial individual de faltas/cartões.
Assistant Referee,BELATTI Juan Pablo,ARG,"Foco em linha, impedimento e colaboração com tecnologia semiautomática","Com SAOT, a tendência é reduzir erro factual de impedimento; ainda pesa comunicação e posicionamento em lances complexos.",https://digitalhub.fifa.com/asset/7879a8c6-c228-4848-a8de-7dc69b37b594/Final-List-of-Match-Officials-FWC-2026.pdf,8.0,7.0,7.3,6.5,Perfil sintético para simulação; não representa média oficial individual de faltas/cartões.
Assistant Referee,BESWICK Gary,ENG,"Foco em linha, impedimento e colaboração com tecnologia semiautomática","Com SAOT, a tendência é reduzir erro factual de impedimento; ainda pesa comunicação e posicionamento em lances complexos.",https://digitalhub.fifa.com/asset/7879a8c6-c228-4848-a8de-7dc69b37b594/Final-List-of-Match-Officials-FWC-2026.pdf,7.8,4.8,5.9,5.8,Perfil sintético para simulação; não representa média oficial individual de faltas/cartões.
Assistant Referee,BINDONI Daniele,ITA,"Foco em linha, impedimento e colaboração com tecnologia semiautomática","Com SAOT, a tendência é reduzir erro factual de impedimento; ainda pesa comunicação e posicionamento em lances complexos.",https://digitalhub.fifa.com/asset/7879a8c6-c228-4848-a8de-7dc69b37b594/Final-List-of-Match-Officials-FWC-2026.pdf,5.1,7.2,8.0,5.8,Perfil sintético para simulação; não representa média oficial individual de faltas/cartões.
Assistant Referee,BISGUERRA Marco,MEX,"Foco em linha, impedimento e colaboração com tecnologia semiautomática","Com SAOT, a tendência é reduzir erro factual de impedimento; ainda pesa comunicação e posicionamento em lances complexos.",https://digitalhub.fifa.com/asset/7879a8c6-c228-4848-a8de-7dc69b37b594/Final-List-of-Match-Officials-FWC-2026.pdf,5.2,6.2,7.1,5.2,Perfil sintético para simulação; não representa média oficial individual de faltas/cartões.
Assistant Referee,BRINSI Zakaria,MAR,"Foco em linha, impedimento e colaboração com tecnologia semiautomática","Com SAOT, a tendência é reduzir erro factual de impedimento; ainda pesa comunicação e posicionamento em lances complexos.",https://digitalhub.fifa.com/asset/7879a8c6-c228-4848-a8de-7dc69b37b594/Final-List-of-Match-Officials-FWC-2026.pdf,6.7,7.5,5.5,4.9,Perfil sintético para simulação; não representa média oficial individual de faltas/cartões.
Assistant Referee,BRUNO BOSCHILIA,BRA,"Foco em linha, impedimento e colaboração com tecnologia semiautomática","Com SAOT, a tendência é reduzir erro factual de impedimento; ainda pesa comunicação e posicionamento em lances complexos.",https://digitalhub.fifa.com/asset/7879a8c6-c228-4848-a8de-7dc69b37b594/Final-List-of-Match-Officials-FWC-2026.pdf,6.3,7.4,7.0,7.3,Perfil sintético para simulação; não representa média oficial individual de faltas/cartões.
Assistant Referee,BRUNO PIRES,BRA,"Foco em linha, impedimento e colaboração com tecnologia semiautomática","Com SAOT, a tendência é reduzir erro factual de impedimento; ainda pesa comunicação e posicionamento em lances complexos.",https://digitalhub.fifa.com/asset/7879a8c6-c228-4848-a8de-7dc69b37b594/Final-List-of-Match-Officials-FWC-2026.pdf,7.0,6.7,5.0,4.1,Perfil sintético para simulação; não representa média oficial individual de faltas/cartões.
Assistant Referee,BURT Stuart,ENG,"Foco em linha, impedimento e colaboração com tecnologia semiautomática","Com SAOT, a tendência é reduzir erro factual de impedimento; ainda pesa comunicação e posicionamento em lances complexos.",https://digitalhub.fifa.com/asset/7879a8c6-c228-4848-a8de-7dc69b37b594/Final-List-of-Match-Officials-FWC-2026.pdf,7.3,5.2,6.7,4.4,Perfil sintético para simulação; não representa média oficial individual de faltas/cartões.
Assistant Referee,CARDOZO Eduardo,PAR,"Foco em linha, impedimento e colaboração com tecnologia semiautomática","Com SAOT, a tendência é reduzir erro factual de impedimento; ainda pesa comunicação e posicionamento em lances complexos.",https://digitalhub.fifa.com/asset/7879a8c6-c228-4848-a8de-7dc69b37b594/Final-List-of-Match-Officials-FWC-2026.pdf,6.1,7.6,6.0,5.9,Perfil sintético para simulação; não representa média oficial individual de faltas/cartões.
Assistant Referee,CHADE Gabriel,ARG,"Foco em linha, impedimento e colaboração com tecnologia semiautomática","Com SAOT, a tendência é reduzir erro factual de impedimento; ainda pesa comunicação e posicionamento em lances complexos.",https://digitalhub.fifa.com/asset/7879a8c6-c228-4848-a8de-7dc69b37b594/Final-List-of-Match-Officials-FWC-2026.pdf,5.9,6.9,7.5,5.2,Perfil sintético para simulação; não representa média oficial individual de faltas/cartões.
Assistant Referee,DANILO MANIS,BRA,"Foco em linha, impedimento e colaboração com tecnologia semiautomática","Com SAOT, a tendência é reduzir erro factual de impedimento; ainda pesa comunicação e posicionamento em lances complexos.",https://digitalhub.fifa.com/asset/7879a8c6-c228-4848-a8de-7dc69b37b594/Final-List-of-Match-Officials-FWC-2026.pdf,7.6,6.1,6.4,5.4,Perfil sintético para simulação; não representa média oficial individual de faltas/cartões.
Assistant Referee,DANOS Nicolas,FRA,"Foco em linha, impedimento e colaboração com tecnologia semiautomática","Com SAOT, a tendência é reduzir erro factual de impedimento; ainda pesa comunicação e posicionamento em lances complexos.",https://digitalhub.fifa.com/asset/7879a8c6-c228-4848-a8de-7dc69b37b594/Final-List-of-Match-Officials-FWC-2026.pdf,7.6,5.3,7.1,4.5,Perfil sintético para simulação; não representa média oficial individual de faltas/cartões.
Assistant Referee,DE ALMEIDA Stephane,SUI,"Foco em linha, impedimento e colaboração com tecnologia semiautomática","Com SAOT, a tendência é reduzir erro factual de impedimento; ainda pesa comunicação e posicionamento em lances complexos.",https://digitalhub.fifa.com/asset/7879a8c6-c228-4848-a8de-7dc69b37b594/Final-List-of-Match-Officials-FWC-2026.pdf,4.8,5.6,7.6,4.4,Perfil sintético para simulação; não representa média oficial individual de faltas/cartões.
Assistant Referee,DE VRIES Jan,NED,"Foco em linha, impedimento e colaboração com tecnologia semiautomática","Com SAOT, a tendência é reduzir erro factual de impedimento; ainda pesa comunicação e posicionamento em lances complexos.",https://digitalhub.fifa.com/asset/7879a8c6-c228-4848-a8de-7dc69b37b594/Final-List-of-Match-Officials-FWC-2026.pdf,5.7,4.5,7.0,4.1,Perfil sintético para simulação; não representa média oficial individual de faltas/cartões.
Assistant Referee,DEL YESSO Maximiliano,ARG,"Foco em linha, impedimento e colaboração com tecnologia semiautomática","Com SAOT, a tendência é reduzir erro factual de impedimento; ainda pesa comunicação e posicionamento em lances complexos.",https://digitalhub.fifa.com/asset/7879a8c6-c228-4848-a8de-7dc69b37b594/Final-List-of-Match-Officials-FWC-2026.pdf,4.9,7.7,6.9,7.2,Perfil sintético para simulação; não representa média oficial individual de faltas/cartões.
Assistant Referee,DIETZ Christian,GER,"Foco em linha, impedimento e colaboração com tecnologia semiautomática","Com SAOT, a tendência é reduzir erro factual de impedimento; ainda pesa comunicação e posicionamento em lances complexos.",https://digitalhub.fifa.com/asset/7879a8c6-c228-4848-a8de-7dc69b37b594/Final-List-of-Match-Officials-FWC-2026.pdf,6.1,7.9,7.9,6.4,Perfil sintético para simulação; não representa média oficial individual de faltas/cartões.
Assistant Referee,DITSOGA Boris,GAB,"Foco em linha, impedimento e colaboração com tecnologia semiautomática","Com SAOT, a tendência é reduzir erro factual de impedimento; ainda pesa comunicação e posicionamento em lances complexos.",https://digitalhub.fifa.com/asset/7879a8c6-c228-4848-a8de-7dc69b37b594/Final-List-of-Match-Officials-FWC-2026.pdf,5.4,7.9,7.1,5.4,Perfil sintético para simulação; não representa média oficial individual de faltas/cartões.
Assistant Referee,ENGAN Jan Erik,NOR,"Foco em linha, impedimento e colaboração com tecnologia semiautomática","Com SAOT, a tendência é reduzir erro factual de impedimento; ainda pesa comunicação e posicionamento em lances complexos.",https://digitalhub.fifa.com/asset/7879a8c6-c228-4848-a8de-7dc69b37b594/Final-List-of-Match-Officials-FWC-2026.pdf,4.2,4.8,7.0,4.2,Perfil sintético para simulação; não representa média oficial individual de faltas/cartões.
Assistant Referee,FIGUEIREDO Rodrigo,BRA,"Foco em linha, impedimento e colaboração com tecnologia semiautomática","Com SAOT, a tendência é reduzir erro factual de impedimento; ainda pesa comunicação e posicionamento em lances complexos.",https://digitalhub.fifa.com/asset/7879a8c6-c228-4848-a8de-7dc69b37b594/Final-List-of-Match-Officials-FWC-2026.pdf,7.2,7.2,5.9,6.0,Perfil sintético para simulação; não representa média oficial individual de faltas/cartões.
Assistant Referee,GAYNULLIN Timur,UZB,"Foco em linha, impedimento e colaboração com tecnologia semiautomática","Com SAOT, a tendência é reduzir erro factual de impedimento; ainda pesa comunicação e posicionamento em lances complexos.",https://digitalhub.fifa.com/asset/7879a8c6-c228-4848-a8de-7dc69b37b594/Final-List-of-Match-Officials-FWC-2026.pdf,6.3,4.9,7.2,6.1,Perfil sintético para simulação; não representa média oficial individual de faltas/cartões.
Assistant Referee,GOURARI Mokrane,ALG,"Foco em linha, impedimento e colaboração com tecnologia semiautomática","Com SAOT, a tendência é reduzir erro factual de impedimento; ainda pesa comunicação e posicionamento em lances complexos.",https://digitalhub.fifa.com/asset/7879a8c6-c228-4848-a8de-7dc69b37b594/Final-List-of-Match-Officials-FWC-2026.pdf,6.3,4.9,8.1,5.3,Perfil sintético para simulação; não representa média oficial individual de faltas/cartões.
Assistant Referee,GUZMAN Alexander,COL,"Foco em linha, impedimento e colaboração com tecnologia semiautomática","Com SAOT, a tendência é reduzir erro factual de impedimento; ainda pesa comunicação e posicionamento em lances complexos.",https://digitalhub.fifa.com/asset/7879a8c6-c228-4848-a8de-7dc69b37b594/Final-List-of-Match-Officials-FWC-2026.pdf,6.0,5.3,7.0,6.7,Perfil sintético para simulação; não representa média oficial individual de faltas/cartões.
Assistant Referee,HOSSAM TAHA Ahmed,EGY,"Foco em linha, impedimento e colaboração com tecnologia semiautomática","Com SAOT, a tendência é reduzir erro factual de impedimento; ainda pesa comunicação e posicionamento em lances complexos.",https://digitalhub.fifa.com/asset/7879a8c6-c228-4848-a8de-7dc69b37b594/Final-List-of-Match-Officials-FWC-2026.pdf,6.2,7.4,6.6,5.5,Perfil sintético para simulação; não representa média oficial individual de faltas/cartões.
Assistant Referee,JERSON SANTOS,ANG,"Foco em linha, impedimento e colaboração com tecnologia semiautomática","Com SAOT, a tendência é reduzir erro factual de impedimento; ainda pesa comunicação e posicionamento em lances complexos.",https://digitalhub.fifa.com/asset/7879a8c6-c228-4848-a8de-7dc69b37b594/Final-List-of-Match-Officials-FWC-2026.pdf,5.8,5.4,5.2,5.8,Perfil sintético para simulação; não representa média oficial individual de faltas/cartões.
Assistant Referee,JESUS Bruno,POR,"Foco em linha, impedimento e colaboração com tecnologia semiautomática","Com SAOT, a tendência é reduzir erro factual de impedimento; ainda pesa comunicação e posicionamento em lances complexos.",https://digitalhub.fifa.com/asset/7879a8c6-c228-4848-a8de-7dc69b37b594/Final-List-of-Match-Officials-FWC-2026.pdf,4.5,6.7,7.7,5.3,Perfil sintético para simulação; não representa média oficial individual de faltas/cartões.
Assistant Referee,KEMPTER Robert,GER,"Foco em linha, impedimento e colaboração com tecnologia semiautomática","Com SAOT, a tendência é reduzir erro factual de impedimento; ainda pesa comunicação e posicionamento em lances complexos.",https://digitalhub.fifa.com/asset/7879a8c6-c228-4848-a8de-7dc69b37b594/Final-List-of-Match-Officials-FWC-2026.pdf,6.7,4.6,7.0,6.0,Perfil sintético para simulação; não representa média oficial individual de faltas/cartões.
Assistant Referee,KLANCNIK Tomaz,SVN,"Foco em linha, impedimento e colaboração com tecnologia semiautomática","Com SAOT, a tendência é reduzir erro factual de impedimento; ainda pesa comunicação e posicionamento em lances complexos.",https://digitalhub.fifa.com/asset/7879a8c6-c228-4848-a8de-7dc69b37b594/Final-List-of-Match-Officials-FWC-2026.pdf,5.9,6.2,6.1,6.2,Perfil sintético para simulação; não representa média oficial individual de faltas/cartões.
Assistant Referee,KOVACIC Andraz,SVN,"Foco em linha, impedimento e colaboração com tecnologia semiautomática","Com SAOT, a tendência é reduzir erro factual de impedimento; ainda pesa comunicação e posicionamento em lances complexos.",https://digitalhub.fifa.com/asset/7879a8c6-c228-4848-a8de-7dc69b37b594/Final-List-of-Match-Officials-FWC-2026.pdf,6.3,8.0,6.8,4.5,Perfil sintético para simulação; não representa média oficial individual de faltas/cartões.
Assistant Referee,LAKRINDIS George,AUS,"Foco em linha, impedimento e colaboração com tecnologia semiautomática","Com SAOT, a tendência é reduzir erro factual de impedimento; ainda pesa comunicação e posicionamento em lances complexos.",https://digitalhub.fifa.com/asset/7879a8c6-c228-4848-a8de-7dc69b37b594/Final-List-of-Match-Officials-FWC-2026.pdf,7.6,7.1,6.4,4.1,Perfil sintético para simulação; não representa média oficial individual de faltas/cartões.
Assistant Referee,LINDSAY James,AUS,"Foco em linha, impedimento e colaboração com tecnologia semiautomática","Com SAOT, a tendência é reduzir erro factual de impedimento; ainda pesa comunicação e posicionamento em lances complexos.",https://digitalhub.fifa.com/asset/7879a8c6-c228-4848-a8de-7dc69b37b594/Final-List-of-Match-Officials-FWC-2026.pdf,6.7,4.9,8.0,6.9,Perfil sintético para simulação; não representa média oficial individual de faltas/cartões.
Assistant Referee,LISTKIEWICZ Tomasz,POL,"Foco em linha, impedimento e colaboração com tecnologia semiautomática","Com SAOT, a tendência é reduzir erro factual de impedimento; ainda pesa comunicação e posicionamento em lances complexos.",https://digitalhub.fifa.com/asset/7879a8c6-c228-4848-a8de-7dc69b37b594/Final-List-of-Match-Officials-FWC-2026.pdf,7.8,7.7,6.8,6.9,Perfil sintético para simulação; não representa média oficial individual de faltas/cartões.
Assistant Referee,LOPEZ Walter,HON,"Foco em linha, impedimento e colaboração com tecnologia semiautomática","Com SAOT, a tendência é reduzir erro factual de impedimento; ainda pesa comunicação e posicionamento em lances complexos.",https://digitalhub.fifa.com/asset/7879a8c6-c228-4848-a8de-7dc69b37b594/Final-List-of-Match-Officials-FWC-2026.pdf,7.0,7.1,6.5,7.3,Perfil sintético para simulação; não representa média oficial individual de faltas/cartões.
Assistant Referee,MAIA Luciano,POR,"Foco em linha, impedimento e colaboração com tecnologia semiautomática","Com SAOT, a tendência é reduzir erro factual de impedimento; ainda pesa comunicação e posicionamento em lances complexos.",https://digitalhub.fifa.com/asset/7879a8c6-c228-4848-a8de-7dc69b37b594/Final-List-of-Match-Officials-FWC-2026.pdf,6.4,6.3,6.0,5.9,Perfil sintético para simulação; não representa média oficial individual de faltas/cartões.
Assistant Referee,MAINWARING James,ENG,"Foco em linha, impedimento e colaboração com tecnologia semiautomática","Com SAOT, a tendência é reduzir erro factual de impedimento; ainda pesa comunicação e posicionamento em lances complexos.",https://digitalhub.fifa.com/asset/7879a8c6-c228-4848-a8de-7dc69b37b594/Final-List-of-Match-Officials-FWC-2026.pdf,5.2,4.5,7.5,4.1,Perfil sintético para simulação; não representa média oficial individual de faltas/cartões.
Assistant Referee,MARICA Mihai,ROU,"Foco em linha, impedimento e colaboração com tecnologia semiautomática","Com SAOT, a tendência é reduzir erro factual de impedimento; ainda pesa comunicação e posicionamento em lances complexos.",https://digitalhub.fifa.com/asset/7879a8c6-c228-4848-a8de-7dc69b37b594/Final-List-of-Match-Officials-FWC-2026.pdf,5.4,7.9,5.7,6.5,Perfil sintético para simulação; não representa média oficial individual de faltas/cartões.
Assistant Referee,MAYO Brooke,USA,"Foco em linha, impedimento e colaboração com tecnologia semiautomática","Com SAOT, a tendência é reduzir erro factual de impedimento; ainda pesa comunicação e posicionamento em lances complexos.",https://digitalhub.fifa.com/asset/7879a8c6-c228-4848-a8de-7dc69b37b594/Final-List-of-Match-Officials-FWC-2026.pdf,8.0,6.4,7.9,5.6,Perfil sintético para simulação; não representa média oficial individual de faltas/cartões.
Assistant Referee,MIHARA Jun,JPN,"Foco em linha, impedimento e colaboração com tecnologia semiautomática","Com SAOT, a tendência é reduzir erro factual de impedimento; ainda pesa comunicação e posicionamento em lances complexos.",https://digitalhub.fifa.com/asset/7879a8c6-c228-4848-a8de-7dc69b37b594/Final-List-of-Match-Officials-FWC-2026.pdf,7.9,7.9,5.1,4.7,Perfil sintético para simulação; não representa média oficial individual de faltas/cartões.
Assistant Referee,MORA Juan Carlos,CRC,"Foco em linha, impedimento e colaboração com tecnologia semiautomática","Com SAOT, a tendência é reduzir erro factual de impedimento; ainda pesa comunicação e posicionamento em lances complexos.",https://digitalhub.fifa.com/asset/7879a8c6-c228-4848-a8de-7dc69b37b594/Final-List-of-Match-Officials-FWC-2026.pdf,6.7,6.9,6.0,6.3,Perfil sintético para simulação; não representa média oficial individual de faltas/cartões.
Assistant Referee,MORAN David,SLV,"Foco em linha, impedimento e colaboração com tecnologia semiautomática","Com SAOT, a tendência é reduzir erro factual de impedimento; ainda pesa comunicação e posicionamento em lances complexos.",https://digitalhub.fifa.com/asset/7879a8c6-c228-4848-a8de-7dc69b37b594/Final-List-of-Match-Officials-FWC-2026.pdf,6.6,6.2,6.6,6.6,Perfil sintético para simulação; não representa média oficial individual de faltas/cartões.
Assistant Referee,MORENO Tulio,VEN,"Foco em linha, impedimento e colaboração com tecnologia semiautomática","Com SAOT, a tendência é reduzir erro factual de impedimento; ainda pesa comunicação e posicionamento em lances complexos.",https://digitalhub.fifa.com/asset/7879a8c6-c228-4848-a8de-7dc69b37b594/Final-List-of-Match-Officials-FWC-2026.pdf,8.1,7.7,5.1,4.3,Perfil sintético para simulação; não representa média oficial individual de faltas/cartões.
Assistant Referee,MORIN Alberto,MEX,"Foco em linha, impedimento e colaboração com tecnologia semiautomática","Com SAOT, a tendência é reduzir erro factual de impedimento; ainda pesa comunicação e posicionamento em lances complexos.",https://digitalhub.fifa.com/asset/7879a8c6-c228-4848-a8de-7dc69b37b594/Final-List-of-Match-Officials-FWC-2026.pdf,7.2,7.6,4.9,5.8,Perfil sintético para simulação; não representa média oficial individual de faltas/cartões.
Assistant Referee,MUGNIER Cyril,FRA,"Foco em linha, impedimento e colaboração com tecnologia semiautomática","Com SAOT, a tendência é reduzir erro factual de impedimento; ainda pesa comunicação e posicionamento em lances complexos.",https://digitalhub.fifa.com/asset/7879a8c6-c228-4848-a8de-7dc69b37b594/Final-List-of-Match-Officials-FWC-2026.pdf,6.4,7.6,6.6,6.8,Perfil sintético para simulação; não representa média oficial individual de faltas/cartões.
Assistant Referee,NARANJO PEREZ Jose Enrique,ESP,"Foco em linha, impedimento e colaboração com tecnologia semiautomática","Com SAOT, a tendência é reduzir erro factual de impedimento; ainda pesa comunicação e posicionamento em lances complexos.",https://digitalhub.fifa.com/asset/7879a8c6-c228-4848-a8de-7dc69b37b594/Final-List-of-Match-Officials-FWC-2026.pdf,5.6,7.1,6.8,6.7,Perfil sintético para simulação; não representa média oficial individual de faltas/cartões.
Assistant Referee,NAVARRO Cristian,ARG,"Foco em linha, impedimento e colaboração com tecnologia semiautomática","Com SAOT, a tendência é reduzir erro factual de impedimento; ainda pesa comunicação e posicionamento em lances complexos.",https://digitalhub.fifa.com/asset/7879a8c6-c228-4848-a8de-7dc69b37b594/Final-List-of-Match-Officials-FWC-2026.pdf,6.9,6.2,6.6,6.1,Perfil sintético para simulação; não representa média oficial individual de faltas/cartões.
Assistant Referee,NESBITT Kathryn,USA,"Foco em linha, impedimento e colaboração com tecnologia semiautomática","Com SAOT, a tendência é reduzir erro factual de impedimento; ainda pesa comunicação e posicionamento em lances complexos.",https://digitalhub.fifa.com/asset/7879a8c6-c228-4848-a8de-7dc69b37b594/Final-List-of-Match-Officials-FWC-2026.pdf,7.9,7.2,5.3,7.1,Perfil sintético para simulação; não representa média oficial individual de faltas/cartões.
Assistant Referee,NOUPUE Elvis,CMR,"Foco em linha, impedimento e colaboração com tecnologia semiautomática","Com SAOT, a tendência é reduzir erro factual de impedimento; ainda pesa comunicação e posicionamento em lances complexos.",https://digitalhub.fifa.com/asset/7879a8c6-c228-4848-a8de-7dc69b37b594/Final-List-of-Match-Officials-FWC-2026.pdf,6.7,6.4,5.0,4.0,Perfil sintético para simulação; não representa média oficial individual de faltas/cartões.
Assistant Referee,NUNN Adam,ENG,"Foco em linha, impedimento e colaboração com tecnologia semiautomática","Com SAOT, a tendência é reduzir erro factual de impedimento; ainda pesa comunicação e posicionamento em lances complexos.",https://digitalhub.fifa.com/asset/7879a8c6-c228-4848-a8de-7dc69b37b594/Final-List-of-Match-Officials-FWC-2026.pdf,5.8,6.1,7.4,7.1,Perfil sintético para simulação; não representa média oficial individual de faltas/cartões.
Assistant Referee,ORUE Michael,PER,"Foco em linha, impedimento e colaboração com tecnologia semiautomática","Com SAOT, a tendência é reduzir erro factual de impedimento; ainda pesa comunicação e posicionamento em lances complexos.",https://digitalhub.fifa.com/asset/7879a8c6-c228-4848-a8de-7dc69b37b594/Final-List-of-Match-Officials-FWC-2026.pdf,5.0,5.7,7.3,6.0,Perfil sintético para simulação; não representa média oficial individual de faltas/cartões.
Assistant Referee,PAGES Benjamin,FRA,"Foco em linha, impedimento e colaboração com tecnologia semiautomática","Com SAOT, a tendência é reduzir erro factual de impedimento; ainda pesa comunicação e posicionamento em lances complexos.",https://digitalhub.fifa.com/asset/7879a8c6-c228-4848-a8de-7dc69b37b594/Final-List-of-Match-Officials-FWC-2026.pdf,5.3,6.0,6.5,6.8,Perfil sintético para simulação; não representa média oficial individual de faltas/cartões.
Assistant Referee,PARKER Corey,USA,"Foco em linha, impedimento e colaboração com tecnologia semiautomática","Com SAOT, a tendência é reduzir erro factual de impedimento; ainda pesa comunicação e posicionamento em lances complexos.",https://digitalhub.fifa.com/asset/7879a8c6-c228-4848-a8de-7dc69b37b594/Final-List-of-Match-Officials-FWC-2026.pdf,7.9,6.3,8.0,5.0,Perfil sintético para simulação; não representa média oficial individual de faltas/cartões.
Assistant Referee,PUPIRO Antonio,NCA,"Foco em linha, impedimento e colaboração com tecnologia semiautomática","Com SAOT, a tendência é reduzir erro factual de impedimento; ainda pesa comunicação e posicionamento em lances complexos.",https://digitalhub.fifa.com/asset/7879a8c6-c228-4848-a8de-7dc69b37b594/Final-List-of-Match-Officials-FWC-2026.pdf,6.2,7.4,5.6,4.5,Perfil sintético para simulação; não representa média oficial individual de faltas/cartões.
Assistant Referee,RAFAEL ALVES,BRA,"Foco em linha, impedimento e colaboração com tecnologia semiautomática","Com SAOT, a tendência é reduzir erro factual de impedimento; ainda pesa comunicação e posicionamento em lances complexos.",https://digitalhub.fifa.com/asset/7879a8c6-c228-4848-a8de-7dc69b37b594/Final-List-of-Match-Officials-FWC-2026.pdf,7.7,6.6,6.6,4.5,Perfil sintético para simulação; não representa média oficial individual de faltas/cartões.
Assistant Referee,RAHMOUNI Mehdi,FRA,"Foco em linha, impedimento e colaboração com tecnologia semiautomática","Com SAOT, a tendência é reduzir erro factual de impedimento; ainda pesa comunicação e posicionamento em lances complexos.",https://digitalhub.fifa.com/asset/7879a8c6-c228-4848-a8de-7dc69b37b594/Final-List-of-Match-Officials-FWC-2026.pdf,4.2,7.7,5.8,7.2,Perfil sintético para simulação; não representa média oficial individual de faltas/cartões.
Assistant Referee,RAMIREZ Christian,HON,"Foco em linha, impedimento e colaboração com tecnologia semiautomática","Com SAOT, a tendência é reduzir erro factual de impedimento; ainda pesa comunicação e posicionamento em lances complexos.",https://digitalhub.fifa.com/asset/7879a8c6-c228-4848-a8de-7dc69b37b594/Final-List-of-Match-Officials-FWC-2026.pdf,6.4,6.9,6.4,6.5,Perfil sintético para simulação; não representa média oficial individual de faltas/cartões.
Assistant Referee,RAMIREZ Sandra,MEX,"Foco em linha, impedimento e colaboração com tecnologia semiautomática","Com SAOT, a tendência é reduzir erro factual de impedimento; ainda pesa comunicação e posicionamento em lances complexos.",https://digitalhub.fifa.com/asset/7879a8c6-c228-4848-a8de-7dc69b37b594/Final-List-of-Match-Officials-FWC-2026.pdf,7.6,7.1,6.3,4.7,Perfil sintético para simulação; não representa média oficial individual de faltas/cartões.
Assistant Referee,RETAMAL Jose,CHI,"Foco em linha, impedimento e colaboração com tecnologia semiautomática","Com SAOT, a tendência é reduzir erro factual de impedimento; ainda pesa comunicação e posicionamento em lances complexos.",https://digitalhub.fifa.com/asset/7879a8c6-c228-4848-a8de-7dc69b37b594/Final-List-of-Match-Officials-FWC-2026.pdf,7.9,5.5,8.1,5.1,Perfil sintético para simulação; não representa média oficial individual de faltas/cartões.
Assistant Referee,ROCHA Miguel,CHI,"Foco em linha, impedimento e colaboração com tecnologia semiautomática","Com SAOT, a tendência é reduzir erro factual de impedimento; ainda pesa comunicação e posicionamento em lances complexos.",https://digitalhub.fifa.com/asset/7879a8c6-c228-4848-a8de-7dc69b37b594/Final-List-of-Match-Officials-FWC-2026.pdf,5.9,7.1,5.6,6.0,Perfil sintético para simulação; não representa média oficial individual de faltas/cartões.
Assistant Referee,RODRIGUEZ Facundo,ARG,"Foco em linha, impedimento e colaboração com tecnologia semiautomática","Com SAOT, a tendência é reduzir erro factual de impedimento; ainda pesa comunicação e posicionamento em lances complexos.",https://digitalhub.fifa.com/asset/7879a8c6-c228-4848-a8de-7dc69b37b594/Final-List-of-Match-Officials-FWC-2026.pdf,7.9,4.9,5.4,6.4,Perfil sintético para simulação; não representa média oficial individual de faltas/cartões.
Assistant Referee,SALDIVAR Milciades,PAR,"Foco em linha, impedimento e colaboração com tecnologia semiautomática","Com SAOT, a tendência é reduzir erro factual de impedimento; ainda pesa comunicação e posicionamento em lances complexos.",https://digitalhub.fifa.com/asset/7879a8c6-c228-4848-a8de-7dc69b37b594/Final-List-of-Match-Officials-FWC-2026.pdf,4.5,5.4,5.8,7.2,Perfil sintético para simulação; não representa média oficial individual de faltas/cartões.
Assistant Referee,SANCHEZ Diego,ESP,"Foco em linha, impedimento e colaboração com tecnologia semiautomática","Com SAOT, a tendência é reduzir erro factual de impedimento; ainda pesa comunicação e posicionamento em lances complexos.",https://digitalhub.fifa.com/asset/7879a8c6-c228-4848-a8de-7dc69b37b594/Final-List-of-Match-Officials-FWC-2026.pdf,6.3,7.6,6.3,5.6,Perfil sintético para simulação; não representa média oficial individual de faltas/cartões.
Assistant Referee,SIWELA Zakhele,RSA,"Foco em linha, impedimento e colaboração com tecnologia semiautomática","Com SAOT, a tendência é reduzir erro factual de impedimento; ainda pesa comunicação e posicionamento em lances complexos.",https://digitalhub.fifa.com/asset/7879a8c6-c228-4848-a8de-7dc69b37b594/Final-List-of-Match-Officials-FWC-2026.pdf,6.8,6.3,5.1,6.4,Perfil sintético para simulação; não representa média oficial individual de faltas/cartões.
Assistant Referee,SODERKVIST Andreas,SWE,"Foco em linha, impedimento e colaboração com tecnologia semiautomática","Com SAOT, a tendência é reduzir erro factual de impedimento; ainda pesa comunicação e posicionamento em lances complexos.",https://digitalhub.fifa.com/asset/7879a8c6-c228-4848-a8de-7dc69b37b594/Final-List-of-Match-Officials-FWC-2026.pdf,7.3,8.0,6.4,6.1,Perfil sintético para simulação; não representa média oficial individual de faltas/cartões.
Assistant Referee,STEEGSTRA Hessel,NED,"Foco em linha, impedimento e colaboração com tecnologia semiautomática","Com SAOT, a tendência é reduzir erro factual de impedimento; ainda pesa comunicação e posicionamento em lances complexos.",https://digitalhub.fifa.com/asset/7879a8c6-c228-4848-a8de-7dc69b37b594/Final-List-of-Match-Officials-FWC-2026.pdf,7.2,6.6,7.3,5.2,Perfil sintético para simulação; não representa média oficial individual de faltas/cartões.
Assistant Referee,TARAN Nicolas,URU,"Foco em linha, impedimento e colaboração com tecnologia semiautomática","Com SAOT, a tendência é reduzir erro factual de impedimento; ainda pesa comunicação e posicionamento em lances complexos.",https://digitalhub.fifa.com/asset/7879a8c6-c228-4848-a8de-7dc69b37b594/Final-List-of-Match-Officials-FWC-2026.pdf,4.4,5.6,7.9,6.7,Perfil sintético para simulação; não representa média oficial individual de faltas/cartões.
Assistant Referee,TEGONI Alberto,ITA,"Foco em linha, impedimento e colaboração com tecnologia semiautomática","Com SAOT, a tendência é reduzir erro factual de impedimento; ainda pesa comunicação e posicionamento em lances complexos.",https://digitalhub.fifa.com/asset/7879a8c6-c228-4848-a8de-7dc69b37b594/Final-List-of-Match-Officials-FWC-2026.pdf,5.9,5.3,5.6,5.7,Perfil sintético para simulação; não representa média oficial individual de faltas/cartões.
Assistant Referee,TREVIS Isaac,NZL,"Foco em linha, impedimento e colaboração com tecnologia semiautomática","Com SAOT, a tendência é reduzir erro factual de impedimento; ainda pesa comunicação e posicionamento em lances complexos.",https://digitalhub.fifa.com/asset/7879a8c6-c228-4848-a8de-7dc69b37b594/Final-List-of-Match-Officials-FWC-2026.pdf,5.9,4.5,7.4,4.7,Perfil sintético para simulação; não representa média oficial individual de faltas/cartões.
Assistant Referee,TSAPENKO Andrey,UZB,"Foco em linha, impedimento e colaboração com tecnologia semiautomática","Com SAOT, a tendência é reduzir erro factual de impedimento; ainda pesa comunicação e posicionamento em lances complexos.",https://digitalhub.fifa.com/asset/7879a8c6-c228-4848-a8de-7dc69b37b594/Final-List-of-Match-Officials-FWC-2026.pdf,8.2,5.5,7.0,6.6,Perfil sintético para simulação; não representa média oficial individual de faltas/cartões.
Assistant Referee,TUNYOGI Ferencz,ROU,"Foco em linha, impedimento e colaboração com tecnologia semiautomática","Com SAOT, a tendência é reduzir erro factual de impedimento; ainda pesa comunicação e posicionamento em lances complexos.",https://digitalhub.fifa.com/asset/7879a8c6-c228-4848-a8de-7dc69b37b594/Final-List-of-Match-Officials-FWC-2026.pdf,5.2,4.6,6.8,4.7,Perfil sintético para simulação; não representa média oficial individual de faltas/cartões.
Assistant Referee,URREGO Jorge,VEN,"Foco em linha, impedimento e colaboração com tecnologia semiautomática","Com SAOT, a tendência é reduzir erro factual de impedimento; ainda pesa comunicação e posicionamento em lances complexos.",https://digitalhub.fifa.com/asset/7879a8c6-c228-4848-a8de-7dc69b37b594/Final-List-of-Match-Officials-FWC-2026.pdf,4.9,4.7,6.6,7.3,Perfil sintético para simulação; não representa média oficial individual de faltas/cartões.
Assistant Referee,WALES Caleb,TRI,"Foco em linha, impedimento e colaboração com tecnologia semiautomática","Com SAOT, a tendência é reduzir erro factual de impedimento; ainda pesa comunicação e posicionamento em lances complexos.",https://digitalhub.fifa.com/asset/7879a8c6-c228-4848-a8de-7dc69b37b594/Final-List-of-Match-Officials-FWC-2026.pdf,4.9,6.6,5.9,4.2,Perfil sintético para simulação; não representa média oficial individual de faltas/cartões.
Assistant Referee,ZERHOUNI Abbes Akram,ALG,"Foco em linha, impedimento e colaboração com tecnologia semiautomática","Com SAOT, a tendência é reduzir erro factual de impedimento; ainda pesa comunicação e posicionamento em lances complexos.",https://digitalhub.fifa.com/asset/7879a8c6-c228-4848-a8de-7dc69b37b594/Final-List-of-Match-Officials-FWC-2026.pdf,6.6,5.0,5.4,5.7,Perfil sintético para simulação; não representa média oficial individual de faltas/cartões.
Assistant Referee,ZHOU Fei,CHN,"Foco em linha, impedimento e colaboração com tecnologia semiautomática","Com SAOT, a tendência é reduzir erro factual de impedimento; ainda pesa comunicação e posicionamento em lances complexos.",https://digitalhub.fifa.com/asset/7879a8c6-c228-4848-a8de-7dc69b37b594/Final-List-of-Match-Officials-FWC-2026.pdf,4.4,7.0,5.2,4.3,Perfil sintético para simulação; não representa média oficial individual de faltas/cartões.
Video Match Official,AL-MARRI Khamis,QAT,VAR/AVAR: intervenção para erro claro e protocolo ampliado,"Priorizar checagens de pênalti, vermelho direto, identidade trocada, segundo amarelo incorreto e lances claros de escanteio quando aplicável.",https://digitalhub.fifa.com/asset/7879a8c6-c228-4848-a8de-7dc69b37b594/Final-List-of-Match-Officials-FWC-2026.pdf,5.6,7.0,8.0,4.4,Perfil sintético para simulação; não representa média oficial individual de faltas/cartões.
Video Match Official,ALSHEHRI Abdullah,KSA,VAR/AVAR: intervenção para erro claro e protocolo ampliado,"Priorizar checagens de pênalti, vermelho direto, identidade trocada, segundo amarelo incorreto e lances claros de escanteio quando aplicável.",https://digitalhub.fifa.com/asset/7879a8c6-c228-4848-a8de-7dc69b37b594/Final-List-of-Match-Officials-FWC-2026.pdf,7.1,4.5,6.8,6.3,Perfil sintético para simulação; não representa média oficial individual de faltas/cartões.
Video Match Official,ASHOUR Mahmoud,EGY,VAR/AVAR: intervenção para erro claro e protocolo ampliado,"Priorizar checagens de pênalti, vermelho direto, identidade trocada, segundo amarelo incorreto e lances claros de escanteio quando aplicável.",https://digitalhub.fifa.com/asset/7879a8c6-c228-4848-a8de-7dc69b37b594/Final-List-of-Match-Officials-FWC-2026.pdf,5.7,7.8,6.0,5.0,Perfil sintético para simulação; não representa média oficial individual de faltas/cartões.
Video Match Official,BEBEK Ivan,CRO,VAR/AVAR: intervenção para erro claro e protocolo ampliado,"Priorizar checagens de pênalti, vermelho direto, identidade trocada, segundo amarelo incorreto e lances claros de escanteio quando aplicável.",https://digitalhub.fifa.com/asset/7879a8c6-c228-4848-a8de-7dc69b37b594/Final-List-of-Match-Officials-FWC-2026.pdf,4.3,6.1,8.1,6.0,Perfil sintético para simulação; não representa média oficial individual de faltas/cartões.
Video Match Official,BRISARD Jerome,FRA,VAR/AVAR: intervenção para erro claro e protocolo ampliado,"Priorizar checagens de pênalti, vermelho direto, identidade trocada, segundo amarelo incorreto e lances claros de escanteio quando aplicável.",https://digitalhub.fifa.com/asset/7879a8c6-c228-4848-a8de-7dc69b37b594/Final-List-of-Match-Officials-FWC-2026.pdf,5.8,4.8,7.2,4.4,Perfil sintético para simulação; não representa média oficial individual de faltas/cartões.
Video Match Official,DANKERT Bastian,GER,VAR/AVAR: intervenção para erro claro e protocolo ampliado,"Priorizar checagens de pênalti, vermelho direto, identidade trocada, segundo amarelo incorreto e lances claros de escanteio quando aplicável.",https://digitalhub.fifa.com/asset/7879a8c6-c228-4848-a8de-7dc69b37b594/Final-List-of-Match-Officials-FWC-2026.pdf,6.1,5.6,6.9,6.0,Perfil sintético para simulação; não representa média oficial individual de faltas/cartões.
Video Match Official,DEL CERRO GRANDE Carlos,ESP,VAR/AVAR: intervenção para erro claro e protocolo ampliado,"Priorizar checagens de pênalti, vermelho direto, identidade trocada, segundo amarelo incorreto e lances claros de escanteio quando aplicável.",https://digitalhub.fifa.com/asset/7879a8c6-c228-4848-a8de-7dc69b37b594/Final-List-of-Match-Officials-FWC-2026.pdf,7.4,6.5,6.4,6.6,Perfil sintético para simulação; não representa média oficial individual de faltas/cartões.
Video Match Official,DELAJOD Willy,FRA,VAR/AVAR: intervenção para erro claro e protocolo ampliado,"Priorizar checagens de pênalti, vermelho direto, identidade trocada, segundo amarelo incorreto e lances claros de escanteio quando aplicável.",https://digitalhub.fifa.com/asset/7879a8c6-c228-4848-a8de-7dc69b37b594/Final-List-of-Match-Officials-FWC-2026.pdf,6.7,5.3,6.8,5.4,Perfil sintético para simulação; não representa média oficial individual de faltas/cartões.
Video Match Official,DI BELLO Marco,ITA,VAR/AVAR: intervenção para erro claro e protocolo ampliado,"Priorizar checagens de pênalti, vermelho direto, identidade trocada, segundo amarelo incorreto e lances claros de escanteio quando aplicável.",https://digitalhub.fifa.com/asset/7879a8c6-c228-4848-a8de-7dc69b37b594/Final-List-of-Match-Officials-FWC-2026.pdf,4.5,5.6,7.5,5.9,Perfil sintético para simulação; não representa média oficial individual de faltas/cartões.
Video Match Official,DICKERSON Joe,USA,VAR/AVAR: intervenção para erro claro e protocolo ampliado,"Priorizar checagens de pênalti, vermelho direto, identidade trocada, segundo amarelo incorreto e lances claros de escanteio quando aplicável.",https://digitalhub.fifa.com/asset/7879a8c6-c228-4848-a8de-7dc69b37b594/Final-List-of-Match-Officials-FWC-2026.pdf,7.9,5.7,4.9,4.1,Perfil sintético para simulação; não representa média oficial individual de faltas/cartões.
Video Match Official,EL FARIQ Hamza,MAR,VAR/AVAR: intervenção para erro claro e protocolo ampliado,"Priorizar checagens de pênalti, vermelho direto, identidade trocada, segundo amarelo incorreto e lances claros de escanteio quando aplicável.",https://digitalhub.fifa.com/asset/7879a8c6-c228-4848-a8de-7dc69b37b594/Final-List-of-Match-Officials-FWC-2026.pdf,4.9,6.6,7.1,4.2,Perfil sintético para simulação; não representa média oficial individual de faltas/cartões.
Video Match Official,EVANS Shaun,AUS,VAR/AVAR: intervenção para erro claro e protocolo ampliado,"Priorizar checagens de pênalti, vermelho direto, identidade trocada, segundo amarelo incorreto e lances claros de escanteio quando aplicável.",https://digitalhub.fifa.com/asset/7879a8c6-c228-4848-a8de-7dc69b37b594/Final-List-of-Match-Officials-FWC-2026.pdf,4.3,5.1,6.8,6.7,Perfil sintético para simulação; não representa média oficial individual de faltas/cartões.
Video Match Official,FU Ming,CHN,VAR/AVAR: intervenção para erro claro e protocolo ampliado,"Priorizar checagens de pênalti, vermelho direto, identidade trocada, segundo amarelo incorreto e lances claros de escanteio quando aplicável.",https://digitalhub.fifa.com/asset/7879a8c6-c228-4848-a8de-7dc69b37b594/Final-List-of-Match-Officials-FWC-2026.pdf,5.8,5.0,6.3,5.7,Perfil sintético para simulação; não representa média oficial individual de faltas/cartões.
Video Match Official,GALLO Nicolas,COL,VAR/AVAR: intervenção para erro claro e protocolo ampliado,"Priorizar checagens de pênalti, vermelho direto, identidade trocada, segundo amarelo incorreto e lances claros de escanteio quando aplicável.",https://digitalhub.fifa.com/asset/7879a8c6-c228-4848-a8de-7dc69b37b594/Final-List-of-Match-Officials-FWC-2026.pdf,6.5,6.9,7.4,5.0,Perfil sintético para simulação; não representa média oficial individual de faltas/cartões.
Video Match Official,GARCIA Antonio,URU,VAR/AVAR: intervenção para erro claro e protocolo ampliado,"Priorizar checagens de pênalti, vermelho direto, identidade trocada, segundo amarelo incorreto e lances claros de escanteio quando aplicável.",https://digitalhub.fifa.com/asset/7879a8c6-c228-4848-a8de-7dc69b37b594/Final-List-of-Match-Officials-FWC-2026.pdf,5.9,6.2,4.9,5.7,Perfil sintético para simulação; não representa média oficial individual de faltas/cartões.
Video Match Official,GILLETT Jarred,ENG,VAR/AVAR: intervenção para erro claro e protocolo ampliado,"Priorizar checagens de pênalti, vermelho direto, identidade trocada, segundo amarelo incorreto e lances claros de escanteio quando aplicável.",https://digitalhub.fifa.com/asset/7879a8c6-c228-4848-a8de-7dc69b37b594/Final-List-of-Match-Officials-FWC-2026.pdf,7.2,6.3,7.7,5.8,Perfil sintético para simulação; não representa média oficial individual de faltas/cartões.
Video Match Official,GONZALEZ Leodan,URU,VAR/AVAR: intervenção para erro claro e protocolo ampliado,"Priorizar checagens de pênalti, vermelho direto, identidade trocada, segundo amarelo incorreto e lances claros de escanteio quando aplicável.",https://digitalhub.fifa.com/asset/7879a8c6-c228-4848-a8de-7dc69b37b594/Final-List-of-Match-Officials-FWC-2026.pdf,4.3,5.6,5.9,5.6,Perfil sintético para simulação; não representa média oficial individual de faltas/cartões.
Video Match Official,GUZMAN Tatiana,NCA,VAR/AVAR: intervenção para erro claro e protocolo ampliado,"Priorizar checagens de pênalti, vermelho direto, identidade trocada, segundo amarelo incorreto e lances claros de escanteio quando aplicável.",https://digitalhub.fifa.com/asset/7879a8c6-c228-4848-a8de-7dc69b37b594/Final-List-of-Match-Officials-FWC-2026.pdf,4.8,5.3,7.1,6.3,Perfil sintético para simulação; não representa média oficial individual de faltas/cartões.
Video Match Official,HIGLER Dennis,NED,VAR/AVAR: intervenção para erro claro e protocolo ampliado,"Priorizar checagens de pênalti, vermelho direto, identidade trocada, segundo amarelo incorreto e lances claros de escanteio quando aplicável.",https://digitalhub.fifa.com/asset/7879a8c6-c228-4848-a8de-7dc69b37b594/Final-List-of-Match-Officials-FWC-2026.pdf,6.6,6.4,5.7,6.4,Perfil sintético para simulação; não representa média oficial individual de faltas/cartões.
Video Match Official,KWIATKOWSKI Tomasz,POL,VAR/AVAR: intervenção para erro claro e protocolo ampliado,"Priorizar checagens de pênalti, vermelho direto, identidade trocada, segundo amarelo incorreto e lances claros de escanteio quando aplicável.",https://digitalhub.fifa.com/asset/7879a8c6-c228-4848-a8de-7dc69b37b594/Final-List-of-Match-Officials-FWC-2026.pdf,5.5,6.8,5.8,6.1,Perfil sintético para simulação; não representa média oficial individual de faltas/cartões.
Video Match Official,LARA Juan,CHI,VAR/AVAR: intervenção para erro claro e protocolo ampliado,"Priorizar checagens de pênalti, vermelho direto, identidade trocada, segundo amarelo incorreto e lances claros de escanteio quando aplicável.",https://digitalhub.fifa.com/asset/7879a8c6-c228-4848-a8de-7dc69b37b594/Final-List-of-Match-Officials-FWC-2026.pdf,7.1,7.5,6.8,6.2,Perfil sintético para simulação; não representa média oficial individual de faltas/cartões.
Video Match Official,MASTRANGELO Hernan,ARG,VAR/AVAR: intervenção para erro claro e protocolo ampliado,"Priorizar checagens de pênalti, vermelho direto, identidade trocada, segundo amarelo incorreto e lances claros de escanteio quando aplicável.",https://digitalhub.fifa.com/asset/7879a8c6-c228-4848-a8de-7dc69b37b594/Final-List-of-Match-Officials-FWC-2026.pdf,6.0,5.0,6.3,5.8,Perfil sintético para simulação; não representa média oficial individual de faltas/cartões.
Video Match Official,MIRANDA Erick,MEX,VAR/AVAR: intervenção para erro claro e protocolo ampliado,"Priorizar checagens de pênalti, vermelho direto, identidade trocada, segundo amarelo incorreto e lances claros de escanteio quando aplicável.",https://digitalhub.fifa.com/asset/7879a8c6-c228-4848-a8de-7dc69b37b594/Final-List-of-Match-Officials-FWC-2026.pdf,7.5,5.1,6.3,6.9,Perfil sintético para simulação; não representa média oficial individual de faltas/cartões.
Video Match Official,MOHAMMED OBAID KHADIM,UAE,VAR/AVAR: intervenção para erro claro e protocolo ampliado,"Priorizar checagens de pênalti, vermelho direto, identidade trocada, segundo amarelo incorreto e lances claros de escanteio quando aplicável.",https://digitalhub.fifa.com/asset/7879a8c6-c228-4848-a8de-7dc69b37b594/Final-List-of-Match-Officials-FWC-2026.pdf,4.7,7.6,7.9,6.6,Perfil sintético para simulação; não representa média oficial individual de faltas/cartões.
Video Match Official,PACHECO Guillermo,MEX,VAR/AVAR: intervenção para erro claro e protocolo ampliado,"Priorizar checagens de pênalti, vermelho direto, identidade trocada, segundo amarelo incorreto e lances claros de escanteio quando aplicável.",https://digitalhub.fifa.com/asset/7879a8c6-c228-4848-a8de-7dc69b37b594/Final-List-of-Match-Officials-FWC-2026.pdf,6.0,7.6,7.1,5.1,Perfil sintético para simulação; não representa média oficial individual de faltas/cartões.
Video Match Official,SAN Fedayi,SUI,VAR/AVAR: intervenção para erro claro e protocolo ampliado,"Priorizar checagens de pênalti, vermelho direto, identidade trocada, segundo amarelo incorreto e lances claros de escanteio quando aplicável.",https://digitalhub.fifa.com/asset/7879a8c6-c228-4848-a8de-7dc69b37b594/Final-List-of-Match-Officials-FWC-2026.pdf,7.5,5.4,7.3,5.0,Perfil sintético para simulação; não representa média oficial individual de faltas/cartões.
Video Match Official,SOTO Juan,VEN,VAR/AVAR: intervenção para erro claro e protocolo ampliado,"Priorizar checagens de pênalti, vermelho direto, identidade trocada, segundo amarelo incorreto e lances claros de escanteio quando aplicável.",https://digitalhub.fifa.com/asset/7879a8c6-c228-4848-a8de-7dc69b37b594/Final-List-of-Match-Officials-FWC-2026.pdf,7.0,7.6,7.9,7.3,Perfil sintético para simulação; não representa média oficial individual de faltas/cartões.
Video Match Official,TOSKI Rodolpho,BRA,VAR/AVAR: intervenção para erro claro e protocolo ampliado,"Priorizar checagens de pênalti, vermelho direto, identidade trocada, segundo amarelo incorreto e lances claros de escanteio quando aplicável.",https://digitalhub.fifa.com/asset/7879a8c6-c228-4848-a8de-7dc69b37b594/Final-List-of-Match-Officials-FWC-2026.pdf,7.8,5.4,5.6,7.1,Perfil sintético para simulação; não representa média oficial individual de faltas/cartões.
Video Match Official,VAN DRIESSCHE Bram,BEL,VAR/AVAR: intervenção para erro claro e protocolo ampliado,"Priorizar checagens de pênalti, vermelho direto, identidade trocada, segundo amarelo incorreto e lances claros de escanteio quando aplicável.",https://digitalhub.fifa.com/asset/7879a8c6-c228-4848-a8de-7dc69b37b594/Final-List-of-Match-Officials-FWC-2026.pdf,7.9,7.4,6.2,5.5,Perfil sintético para simulação; não representa média oficial individual de faltas/cartões.
Video Match Official,VILLARREAL Armando,USA,VAR/AVAR: intervenção para erro claro e protocolo ampliado,"Priorizar checagens de pênalti, vermelho direto, identidade trocada, segundo amarelo incorreto e lances claros de escanteio quando aplicável.",https://digitalhub.fifa.com/asset/7879a8c6-c228-4848-a8de-7dc69b37b594/Final-List-of-Match-Officials-FWC-2026.pdf,5.3,7.0,6.3,5.7,Perfil sintético para simulação; não representa média oficial individual de faltas/cartões.
