jogo,data,fase,grupo,rodadaGrupo,equipe1,equipe2,xg1_modelo,xg2_modelo,placar_previsto,gols1_previsto,gols2_previsto,vencedor_previsto,prob_vitoria_equipe1,prob_empate,prob_vitoria_equipe2,confianca_modelo,peso_rede_neural,validacoes_anteriores_usadas,interacoes_monte_carlo,feature_rating_diff,feature_base_rating_diff,feature_attack_vs_defense,feature_defense_vs_attack,feature_midfield_diff,feature_goalkeeper_diff,feature_experience_diff,feature_league_diff,feature_player_quality_diff,feature_intensity_diff,feature_possession_diff,feature_pressing_diff,feature_momentum_diff,feature_performance_memory_diff,feature_offensive_form_diff,feature_defensive_form_diff,feature_offensive_form_equipe1,feature_offensive_form_equipe2,feature_defensive_form_equipe1,feature_defensive_form_equipe2,feature_schedule_strength_diff,feature_opponent_adjusted_points_diff,feature_goals_for_rate_diff,feature_goals_against_rate_diff,feature_opponent_weighted_goals_for_diff,feature_opponent_weighted_goals_against_diff,feature_weighted_goals_for_rate_diff,feature_adjusted_goals_against_rate_diff,feature_weighted_goals_for_rate_equipe1,feature_weighted_goals_for_rate_equipe2,feature_adjusted_goals_against_rate_equipe1,feature_adjusted_goals_against_rate_equipe2,feature_rest_diff,feature_host_diff,feature_knockout,feature_round_group,placar_regular_previsto,decisao_penaltis,placar_penaltis,prob_penaltis_equipe1,vencedor_pos_penaltis,criterio_vencedor,status_previsao,usa_desempenho_copa,origem_confronto,precisa_recalculo,possui_real,placar_real,vencedor_real
1,2026-06-11,Fase de grupos,A,1.0,México,África do Sul,1.417,0.551,1-0,1,0,México,0.5833,0.2686,0.1481,alta,0.0,0,12000,10.24,10.24,0.61,1.7,-0.94,0.6,1.8,12.8182,12.8194,0.0,1.0,1.8,0.0,0.0,0.0,0.0,0.0,0.0,0.0,0.0,0.0,0.0,0.0,0.0,0.0,0.0,0.0,0.0,0.0,0.0,0.0,0.0,0.0,1.0,0.0,1.0,1-0,Não,,,,Tempo regulamentar/modelado,Real validado,Sim,Tabela base,Não,Sim,2-0,México
2,2026-06-11,Fase de grupos,A,1.0,Coreia do Sul,Tchéquia,1.087,0.997,2-1,2,1,Coreia do Sul,0.3664,0.3053,0.3282,baixa,0.0,1,12000,4.47,4.47,-0.24,-0.08,1.05,1.1,0.6,1.0,4.2489,0.0,1.0,1.8,0.0,0.0,0.0,0.0,0.0,0.0,0.0,0.0,0.0,0.0,0.0,0.0,0.0,0.0,0.0,0.0,0.0,0.0,0.0,0.0,0.0,0.0,0.0,1.0,2-1,Não,,,,Tempo regulamentar/modelado,Real validado,Sim,Tabela base,Não,Sim,2-1,Coreia do Sul
3,2026-06-12,Fase de grupos,B,1.0,Canadá,Bósnia e Herzegovina,1.429,0.624,1-0,1,0,Canadá,0.5675,0.2712,0.1613,média,0.0,2,12000,9.52,9.52,0.66,1.04,1.79,0.83,0.99,2.9091,8.4461,4.0,1.0,5.0,0.0,0.0,0.0,0.0,0.0,0.0,0.0,0.0,0.0,0.0,0.0,0.0,0.0,0.0,0.0,0.0,0.0,0.0,0.0,0.0,0.0,1.0,0.0,1.0,1-0,Não,,,,Tempo regulamentar/modelado,Real validado,Sim,Tabela base,Não,Sim,1-1,Empate
4,2026-06-12,Fase de grupos,D,1.0,Estados Unidos,Paraguai,1.45,0.515,1-0,1,0,Estados Unidos,0.6042,0.2678,0.128,alta,0.0,3,12000,10.55,10.55,0.65,1.84,0.99,1.13,0.71,8.6364,10.6561,0.0,2.8,3.0,0.0,0.0,0.0,0.0,0.0,0.0,0.0,0.0,0.0,0.0,0.0,0.0,0.0,0.0,0.0,0.0,0.0,0.0,0.0,0.0,0.0,1.0,0.0,1.0,1-0,Não,,,,Tempo regulamentar/modelado,Real validado,Sim,Tabela base,Não,Sim,4-1,Estados Unidos
5,2026-06-13,Fase de grupos,C,1.0,Haiti,Escócia,0.793,1.203,0-1,0,1,Escócia,0.2417,0.2976,0.4607,baixa,0.0,4,12000,-9.39,-9.39,-1.03,-0.14,-2.81,0.27,-0.92,-9.6364,-8.6767,0.0,-1.0,-2.0,0.0,0.0,0.0,0.0,0.0,0.0,0.0,0.0,0.0,0.0,0.0,0.0,0.0,0.0,0.0,0.0,0.0,0.0,0.0,0.0,0.0,0.0,0.0,1.0,0-1,Não,,,,Tempo regulamentar/modelado,Real validado,Sim,Tabela base,Não,Sim,0-1,Escócia
6,2026-06-13,Fase de grupos,D,1.0,Austrália,Turquia,0.784,1.181,0-1,0,1,Turquia,0.2455,0.2981,0.4564,baixa,0.0,5,12000,-6.21,-6.21,-1.48,-0.3,-1.6,-0.37,-0.6,1.0909,-5.9544,0.0,-2.8,-1.8,0.0,0.0,0.0,0.0,0.0,0.0,0.0,0.0,0.0,0.0,0.0,0.0,0.0,0.0,0.0,0.0,0.0,0.0,0.0,0.0,0.0,0.0,0.0,1.0,0-1,Não,,,,Tempo regulamentar/modelado,Real validado,Sim,Tabela base,Não,Sim,2-0,Austrália
7,2026-06-13,Fase de grupos,C,1.0,Brasil,Marrocos,1.162,0.882,1-0,1,0,Brasil,0.4249,0.3085,0.2666,baixa,0.0,6,12000,4.22,4.22,0.33,0.83,0.61,0.17,0.55,2.0,4.8367,0.0,3.0,2.2,0.0,0.0,0.0,0.0,0.0,0.0,0.0,0.0,0.0,0.0,0.0,0.0,0.0,0.0,0.0,0.0,0.0,0.0,0.0,0.0,0.0,0.0,0.0,1.0,1-0,Não,,,,Tempo regulamentar/modelado,Real validado,Sim,Tabela base,Não,Sim,1-1,Empate
8,2026-06-13,Fase de grupos,B,1.0,Catar,Suíça,0.903,1.208,0-1,0,1,Suíça,0.2784,0.2983,0.4233,baixa,0.0,7,12000,-7.51,-7.51,-0.43,-0.31,-0.58,0.34,0.72,-26.2727,-8.1506,-1.8,3.0,0.0,0.0,0.0,0.0,0.0,0.0,0.0,0.0,0.0,0.0,0.0,0.0,0.0,0.0,0.0,0.0,0.0,0.0,0.0,0.0,0.0,0.0,0.0,0.0,1.0,0-1,Não,,,,Tempo regulamentar/modelado,Real validado,Sim,Tabela base,Não,Sim,1-1,Empate
9,2026-06-14,Fase de grupos,E,1.0,Costa do Marfim,Equador,1.001,0.937,1-0,1,0,Costa do Marfim,0.3573,0.3126,0.3301,baixa,0.0,8,12000,1.8,1.8,-0.63,0.66,1.02,0.47,-0.18,4.4545,0.6328,-1.0,-1.8,-1.2,0.0,0.0,0.0,0.0,0.0,0.0,0.0,0.0,0.0,0.0,0.0,0.0,0.0,0.0,0.0,0.0,0.0,0.0,0.0,0.0,0.0,0.0,0.0,1.0,1-0,Não,,,,Tempo regulamentar/modelado,Real validado,Sim,Tabela base,Não,Sim,1-0,Costa do Marfim
10,2026-06-14,Fase de grupos,E,1.0,Alemanha,Curaçao,1.209,0.762,1-0,1,0,Alemanha,0.4725,0.298,0.2295,média,0.0,9,12000,9.6,9.6,0.22,1.24,0.04,0.47,0.65,9.1818,12.32,3.0,5.0,5.0,0.0,0.0,0.0,0.0,0.0,0.0,0.0,0.0,0.0,0.0,0.0,0.0,0.0,0.0,0.0,0.0,0.0,0.0,0.0,0.0,0.0,0.0,0.0,1.0,1-0,Não,,,,Tempo regulamentar/modelado,Real validado,Sim,Tabela base,Não,Sim,7-1,Alemanha
11,2026-06-14,Fase de grupos,F,1.0,Países Baixos,Japão,1.127,0.886,1-0,1,0,Países Baixos,0.4135,0.2993,0.2872,baixa,0.0,10,12000,2.38,2.38,0.25,1.11,-1.26,0.37,0.14,3.9091,3.9444,-1.2,1.2,0.0,0.0,0.0,0.0,0.0,0.0,0.0,0.0,0.0,0.0,0.0,0.0,0.0,0.0,0.0,0.0,0.0,0.0,0.0,0.0,0.0,0.0,0.0,0.0,1.0,1-0,Não,,,,Tempo regulamentar/modelado,Real validado,Sim,Tabela base,Não,Sim,2-2,Empate
12,2026-06-14,Fase de grupos,F,1.0,Suécia,Tunísia,1.11,0.906,1-0,1,0,Suécia,0.3997,0.306,0.2943,baixa,0.0,11,12000,3.83,3.83,0.09,0.57,0.16,0.43,-0.24,8.0,4.9261,-1.8,3.8,1.0,0.0,0.0,0.0,0.0,0.0,0.0,0.0,0.0,0.0,0.0,0.0,0.0,0.0,0.0,0.0,0.0,0.0,0.0,0.0,0.0,0.0,0.0,0.0,1.0,1-0,Não,,,,Tempo regulamentar/modelado,Real validado,Sim,Tabela base,Não,Sim,5-1,Suécia
13,2026-06-15,Fase de grupos,H,1.0,Arábia Saudita,Uruguai,0.906,1.085,0-1,0,1,Uruguai,0.3043,0.3031,0.3926,baixa,0.0,12,12000,-6.2,-6.2,-0.52,0.38,-0.82,-0.43,0.0,-20.7273,-5.3083,-1.0,0.0,-1.2,0.0,0.0,0.0,0.0,0.0,0.0,0.0,0.0,0.0,0.0,0.0,0.0,0.0,0.0,0.0,0.0,0.0,0.0,0.0,0.0,0.0,0.0,0.0,1.0,0-1,Não,,,,Tempo regulamentar/modelado,Real validado,Sim,Tabela base,Não,Sim,1-1,Empate
14,2026-06-15,Fase de grupos,H,1.0,Espanha,Cabo Verde,1.299,0.815,1-0,1,0,Espanha,0.4825,0.2882,0.2293,média,0.0,13,12000,10.18,10.18,0.72,0.63,1.73,0.87,-0.23,14.0909,11.5206,0.0,5.0,3.0,0.0,0.0,0.0,0.0,0.0,0.0,0.0,0.0,0.0,0.0,0.0,0.0,0.0,0.0,0.0,0.0,0.0,0.0,0.0,0.0,0.0,0.0,0.0,1.0,1-0,Não,,,,Tempo regulamentar/modelado,Real validado,Sim,Tabela base,Não,Sim,0-0,Empate
15,2026-06-15,Fase de grupos,G,1.0,Irã,Nova Zelândia,0.959,0.948,0-1,0,1,Nova Zelândia,0.3423,0.3135,0.3442,baixa,0.0,14,12000,-0.95,-0.95,-0.57,0.89,0.44,0.64,0.75,-22.6364,-0.05,0.0,1.0,0.0,0.0,0.0,0.0,0.0,0.0,0.0,0.0,0.0,0.0,0.0,0.0,0.0,0.0,0.0,0.0,0.0,0.0,0.0,0.0,0.0,0.0,0.0,0.0,1.0,0-1,Não,,,,Tempo regulamentar/modelado,Real validado,Sim,Tabela base,Não,Sim,2-2,Empate
16,2026-06-15,Fase de grupos,G,1.0,Bélgica,Egito,1.308,0.771,1-0,1,0,Bélgica,0.4981,0.2789,0.223,média,0.0,15,12000,12.56,12.56,0.59,0.82,1.85,1.08,0.58,19.0909,14.7072,-1.8,3.0,0.0,0.0,0.0,0.0,0.0,0.0,0.0,0.0,0.0,0.0,0.0,0.0,0.0,0.0,0.0,0.0,0.0,0.0,0.0,0.0,0.0,0.0,0.0,0.0,1.0,1-0,Não,,,,Tempo regulamentar/modelado,Real validado,Sim,Tabela base,Não,Sim,1-1,Empate
17,2026-06-16,Fase de grupos,I,1.0,França,Senegal,1.059,1.097,1-2,1,2,Senegal,0.3479,0.2909,0.3612,baixa,0.035,16,12000,-1.62,-1.62,0.18,-0.12,-0.34,-0.1,-0.52,0.2727,-1.3667,0.0,0.0,-1.8,0.0,0.0,0.0,0.0,0.0,0.0,0.0,0.0,0.0,0.0,0.0,0.0,0.0,0.0,0.0,0.0,0.0,0.0,0.0,0.0,0.0,0.0,0.0,1.0,1-2,Não,,,,Tempo regulamentar/modelado,Real validado,Sim,Tabela base,Não,Sim,3-1,França
18,2026-06-16,Fase de grupos,I,1.0,Iraque,Noruega,0.798,1.24,0-1,0,1,Noruega,0.2277,0.3275,0.4448,baixa,0.036,17,12000,-10.7,-10.7,-0.76,-0.32,-0.9,-0.54,0.07,-25.7273,-12.7372,0.0,-1.0,0.0,0.0,0.0,0.0,0.0,0.0,0.0,0.0,0.0,0.0,0.0,0.0,0.0,0.0,0.0,0.0,0.0,0.0,0.0,0.0,0.0,0.0,0.0,0.0,1.0,0-1,Não,,,,Tempo regulamentar/modelado,Real validado,Sim,Tabela base,Não,Sim,1-4,Noruega
19,2026-06-16,Fase de grupos,J,1.0,Argentina,Argélia,1.128,0.891,1-0,1,0,Argentina,0.4064,0.3196,0.274,baixa,0.036,18,12000,6.67,6.67,-0.25,0.61,1.19,1.2,1.04,4.9091,8.1656,1.8,3.0,0.0,0.0,0.0,0.0,0.0,0.0,0.0,0.0,0.0,0.0,0.0,0.0,0.0,0.0,0.0,0.0,0.0,0.0,0.0,0.0,0.0,0.0,0.0,0.0,1.0,1-0,Não,,,,Tempo regulamentar/modelado,Real validado,Sim,Tabela base,Não,Sim,3-0,Argentina
20,2026-06-16,Fase de grupos,J,1.0,Áustria,Jordânia,1.214,0.766,1-0,1,0,Áustria,0.4806,0.2909,0.2285,média,0.037,19,12000,11.4,11.4,0.04,0.95,1.39,-0.13,-0.12,29.2727,12.5694,1.0,2.0,4.0,0.0,0.0,0.0,0.0,0.0,0.0,0.0,0.0,0.0,0.0,0.0,0.0,0.0,0.0,0.0,0.0,0.0,0.0,0.0,0.0,0.0,0.0,0.0,1.0,1-0,Não,,,,Tempo regulamentar/modelado,Real validado,Sim,Tabela base,Não,Sim,3-1,Áustria
21,2026-06-17,Fase de grupos,L,1.0,Gana,Panamá,0.761,1.219,0-1,0,1,Panamá,0.2612,0.2901,0.4487,baixa,0.038,20,12000,-6.61,-6.61,-1.55,-0.61,-1.67,-0.9,-2.16,21.4545,-7.5128,-1.2,1.0,1.0,0.0,0.0,0.0,0.0,0.0,0.0,0.0,0.0,0.0,0.0,0.0,0.0,0.0,0.0,0.0,0.0,0.0,0.0,0.0,0.0,0.0,0.0,0.0,1.0,0-1,Não,,,,Tempo regulamentar/modelado,Real validado,Sim,Tabela base,Não,Sim,1-0,Gana
22,2026-06-17,Fase de grupos,L,1.0,Inglaterra,Croácia,1.029,1.069,2-1,2,1,Inglaterra,0.3599,0.2994,0.3406,baixa,0.038,21,12000,-0.27,-0.27,-0.25,-0.09,-0.51,0.43,-0.71,2.8182,0.92,3.0,0.0,1.8,0.0,0.0,0.0,0.0,0.0,0.0,0.0,0.0,0.0,0.0,0.0,0.0,0.0,0.0,0.0,0.0,0.0,0.0,0.0,0.0,0.0,0.0,0.0,1.0,2-1,Não,,,,Tempo regulamentar/modelado,Real validado,Sim,Tabela base,Não,Sim,4-2,Inglaterra
23,2026-06-17,Fase de grupos,K,1.0,Portugal,RD Congo,1.261,0.78,1-0,1,0,Portugal,0.4588,0.3169,0.2243,baixa,0.039,22,12000,8.59,8.59,0.57,1.2,1.73,0.6,0.83,2.5455,9.0517,0.0,4.0,1.8,0.0,0.0,0.0,0.0,0.0,0.0,0.0,0.0,0.0,0.0,0.0,0.0,0.0,0.0,0.0,0.0,0.0,0.0,0.0,0.0,0.0,0.0,0.0,1.0,1-0,Não,,,,Tempo regulamentar/modelado,Real validado,Sim,Tabela base,Não,Sim,1-1,Empate
24,2026-06-17,Fase de grupos,K,1.0,Uzbequistão,Colômbia,0.719,1.253,0-1,0,1,Colômbia,0.2295,0.2879,0.4826,média,0.039,23,12000,-11.27,-11.27,-1.37,-0.37,-0.52,-1.36,-0.19,-26.0,-10.8011,-3.0,-2.8,-2.8,0.0,0.0,0.0,0.0,0.0,0.0,0.0,0.0,0.0,0.0,0.0,0.0,0.0,0.0,0.0,0.0,0.0,0.0,0.0,0.0,0.0,0.0,0.0,1.0,0-1,Não,,,,Tempo regulamentar/modelado,Real validado,Sim,Tabela base,Não,Sim,1-3,Colômbia
25,2026-06-18,Fase de grupos,A,2.0,Tchéquia,África do Sul,1.372,1.036,2-1,2,1,Tchéquia,0.4673,0.2641,0.2686,baixa,0.04,24,12000,5.7079,5.73,0.59,0.43,-0.98,-0.23,0.68,15.5455,8.3422,0.0,0.0,0.0,-0.0423,0.0,0.1698,-0.0834,0.0009,-0.1688,-0.2326,-0.1492,-0.04,0.0,1.0,0.0,1.0991,-0.008,1.0991,-0.008,1.0991,0.0,1.8196,1.8276,0.0,0.0,0.0,2.0,2-1,Não,,,,Tempo regulamentar/modelado,Real validado,Sim,Tabela base,Não,Sim,1-1,Empate
26,2026-06-18,Fase de grupos,B,2.0,Suíça,Bósnia e Herzegovina,1.344,0.845,1-0,1,0,Suíça,0.4612,0.3117,0.2271,baixa,0.041,25,12000,12.4784,12.85,0.63,1.55,1.86,0.66,1.35,3.6364,15.3778,1.8,1.0,2.0,-0.0596,0.0,-0.1832,-0.1624,-0.0629,0.1203,-0.0251,0.1373,-4.18,-0.0697,0.0,0.0,-0.0619,0.0501,-0.0619,0.0501,1.0807,1.1427,0.9253,0.8752,-1.0,0.0,0.0,2.0,1-0,Não,,,,Tempo regulamentar/modelado,Real validado,Sim,Tabela base,Não,Sim,4-1,Suíça
27,2026-06-18,Fase de grupos,B,2.0,Canadá,Catar,1.33,1.053,2-1,2,1,Canadá,0.4455,0.2604,0.2941,baixa,0.041,26,12000,3.819,4.18,0.34,-0.08,0.51,-0.17,-1.08,25.5455,1.2189,4.0,-3.0,3.0,-0.0616,0.0,-0.1467,-0.1789,-0.1147,0.032,-0.1102,0.0686,-12.85,-0.2142,0.0,0.0,-0.2236,0.1986,-0.2236,0.1986,0.9551,1.1787,1.0471,0.8484,1.0,1.0,0.0,2.0,2-1,Não,,,,Tempo regulamentar/modelado,Real validado,Sim,Tabela base,Não,Sim,6-0,Canadá
28,2026-06-18,Fase de grupos,A,2.0,México,Coreia do Sul,1.331,0.864,1-0,1,0,México,0.5002,0.264,0.2358,média,0.042,27,12000,-0.019,0.04,0.1,1.51,-1.01,-0.27,0.52,-3.7273,0.2283,0.0,0.0,0.0,-0.045,0.0,-0.1076,0.1508,0.1587,0.2664,0.15,-0.0008,-5.73,-0.2865,0.0,-1.0,-0.1392,-0.9596,-0.1392,-0.9596,1.9449,2.0841,0.0,0.9596,0.0,1.0,0.0,2.0,1-0,Não,,,,Tempo regulamentar/modelado,Real validado,Sim,Tabela base,Não,Sim,1-0,México
29,2026-06-19,Fase de grupos,C,2.0,Brasil,Haiti,1.331,0.899,1-0,1,0,Brasil,0.4412,0.3116,0.2472,baixa,0.043,28,12000,8.6746,8.53,0.48,0.55,2.06,-0.3,0.79,8.7273,9.0122,0.0,5.0,4.2,0.3322,0.0,0.2059,-0.0963,-0.0477,-0.2536,-0.0314,0.0649,-5.08,1.1527,1.0,0.0,1.052,0.075,1.052,0.075,1.052,0.0,0.9505,0.8755,0.0,0.0,0.0,2.0,1-0,Não,,,,Tempo regulamentar/modelado,Real validado,Sim,Tabela base,Não,Sim,3-0,Brasil
30,2026-06-19,Fase de grupos,C,2.0,Escócia,Marrocos,1.224,0.834,1-0,1,0,Escócia,0.4775,0.2865,0.2359,média,0.043,29,12000,5.3474,5.08,-0.01,1.31,1.36,0.2,0.68,2.9091,4.5011,0.0,-1.0,0.0,0.7048,0.0,-0.096,0.1741,-0.0579,0.0381,0.2264,0.0523,-8.53,2.0195,0.0,-1.0,-0.1327,-0.8679,-0.1327,-0.8679,1.0195,1.1522,0.0,0.8679,0.0,0.0,0.0,2.0,1-0,Não,,,,Tempo regulamentar/modelado,Real validado,Sim,Tabela base,Não,Sim,0-1,Marrocos
31,2026-06-19,Fase de grupos,D,2.0,Turquia,Paraguai,1.314,0.968,1-0,1,0,Turquia,0.4294,0.2706,0.3,baixa,0.044,30,12000,8.0006,8.35,-0.01,2.06,1.15,1.5,0.73,4.9091,7.2661,0.0,2.8,1.8,-0.0745,0.0,-0.5075,0.2333,-0.3446,0.1628,-0.3267,-0.56,-8.41,0.0,-1.0,-2.0,-1.1992,-1.4166,-1.1992,-1.4166,0.0,1.1992,1.9191,3.3357,-1.0,0.0,0.0,2.0,1-0,Não,,,,Tempo regulamentar/modelado,Real validado,Sim,Tabela base,Não,Sim,0-1,Paraguai
32,2026-06-19,Fase de grupos,D,2.0,Estados Unidos,Austrália,1.584,0.878,1-0,1,0,Estados Unidos,0.5174,0.2775,0.2051,média,0.044,31,12000,8.008,8.41,0.96,1.26,1.44,0.0,0.58,2.6364,9.3444,0.0,2.8,3.0,-0.0767,0.0,0.1733,-0.5136,0.56,0.3867,-0.138,0.3756,-8.35,-0.4175,2.0,1.0,1.665,1.0161,1.665,1.0161,3.9367,2.2717,1.0161,0.0,1.0,1.0,0.0,2.0,1-0,Não,,,,Tempo regulamentar/modelado,Real validado,Sim,Tabela base,Não,Sim,2-0,Estados Unidos
33,2026-06-20,Fase de grupos,E,2.0,Alemanha,Costa do Marfim,1.241,0.981,2-1,2,1,Alemanha,0.4276,0.2931,0.2793,baixa,0.045,32,12000,5.6249,5.51,-0.38,1.0,0.22,1.0,0.38,2.0909,7.2317,0.0,3.0,1.2,-0.0243,0.0,0.5603,-0.3356,0.56,-0.0003,-0.0659,0.2697,-2.29,-0.1145,6.0,1.0,6.0477,0.9893,6.0477,0.9893,7.0758,1.0281,0.9893,0.0,0.0,0.0,0.0,2.0,2-1,Não,,,,Tempo regulamentar/modelado,Real validado,Sim,Tabela base,Não,Sim,2-1,Alemanha
34,2026-06-20,Fase de grupos,E,2.0,Equador,Curaçao,1.266,1.055,2-1,2,1,Equador,0.3906,0.2694,0.34,baixa,0.046,33,12000,2.3921,2.29,-0.06,0.87,-1.2,-1.0,0.45,2.6364,4.4556,4.0,3.8,5.0,-0.0232,0.0,-0.3561,0.5603,-0.281,0.0751,0.0003,-0.56,-5.51,0.0,-1.0,-6.0,-1.1272,-5.2766,-1.1272,-5.2766,0.0,1.1272,0.9336,6.2101,0.0,0.0,0.0,2.0,2-1,Não,,,,Tempo regulamentar/modelado,Real validado,Sim,Tabela base,Não,Sim,0-0,Empate
35,2026-06-20,Fase de grupos,F,2.0,Países Baixos,Suécia,1.46,1.112,2-1,2,1,Países Baixos,0.4347,0.2917,0.2736,baixa,0.046,34,12000,7.6562,8.35,0.85,1.37,0.57,0.4,1.06,0.1818,10.0056,1.8,1.2,1.8,-0.7492,0.0,-0.2882,-0.2526,0.2718,0.56,-0.2805,-0.0279,9.8,-1.9113,-3.0,1.0,-2.4927,0.7385,-2.4927,0.7385,2.224,4.7168,1.7985,1.0601,0.0,0.0,0.0,2.0,2-1,Não,,,,Tempo regulamentar/modelado,Real validado,Sim,Tabela base,Não,Sim,5-1,Países Baixos
36,2026-06-20,Fase de grupos,F,2.0,Tunísia,Japão,0.83,1.716,0-1,0,1,Japão,0.216,0.2246,0.5594,média,0.047,35,12000,-10.4513,-9.8,-1.17,-0.35,-1.99,-0.46,-0.68,-4.2727,-10.9872,-1.2,-3.8,-2.8,-0.3754,0.0,-0.336,-0.35,0.0271,0.3631,-0.56,-0.21,-8.35,-1.2403,-1.0,3.0,-1.2988,3.1398,-1.2988,3.1398,1.0292,2.328,4.858,1.7182,0.0,0.0,0.0,2.0,0-1,Não,,,,Tempo regulamentar/modelado,Real validado,Sim,Tabela base,Não,Sim,0-4,Japão
37,2026-06-21,Fase de grupos,H,2.0,Uruguai,Cabo Verde,1.046,0.866,1-0,1,0,Uruguai,0.4175,0.3031,0.2794,baixa,0.048,36,12000,6.913,7.14,-0.33,1.39,0.84,0.7,0.25,9.1818,7.355,1.0,1.0,3.0,-0.037,0.0,0.2439,-0.4534,-0.0247,-0.2685,-0.0254,0.428,-9.24,-0.154,1.0,1.0,1.036,0.9653,1.036,0.9653,1.036,0.0,0.9653,0.0,0.0,0.0,0.0,2.0,1-0,Não,,,,Tempo regulamentar/modelado,Real validado,Sim,Tabela base,Não,Sim,2-2,Empate
38,2026-06-21,Fase de grupos,H,2.0,Espanha,Arábia Saudita,1.254,1.033,2-1,2,1,Espanha,0.4116,0.2987,0.2898,baixa,0.048,37,12000,9.0277,9.24,0.67,-0.24,1.71,0.6,-0.48,25.6364,9.4739,0.0,4.0,1.2,-0.0381,0.0,-0.383,0.1967,-0.3545,0.0285,0.2224,0.0257,-7.14,-0.119,-1.0,-1.0,-1.0812,-0.9249,-1.0812,-0.9249,0.0,1.0812,0.0,0.9249,0.0,0.0,0.0,2.0,2-1,Não,,,,Tempo regulamentar/modelado,Real validado,Sim,Tabela base,Não,Sim,4-0,Espanha
39,2026-06-21,Fase de grupos,G,2.0,Bélgica,Irã,1.37,0.969,1-0,1,0,Bélgica,0.4884,0.2596,0.252,média,0.049,38,12000,10.8969,11.07,-0.09,0.99,0.85,0.46,-0.17,33.3636,11.7656,0.0,4.0,2.0,-0.0317,0.0,-0.3782,0.2281,-0.0852,0.293,-0.0649,-0.293,-2.44,-0.0407,-1.0,-1.0,-1.023,-0.9769,-1.023,-0.9769,0.9875,2.0105,1.0127,1.9896,0.0,0.0,0.0,2.0,1-0,Não,,,,Tempo regulamentar/modelado,Real validado,Sim,Tabela base,Não,Sim,0-0,Empate
40,2026-06-21,Fase de grupos,G,2.0,Nova Zelândia,Egito,1.134,1.243,1-2,1,2,Egito,0.3672,0.2656,0.3673,baixa,0.049,39,12000,2.2534,2.44,-0.21,0.4,0.56,-0.02,0.0,8.3636,2.9917,-1.8,-2.0,-2.0,-0.0292,0.0,0.2181,-0.3937,0.2929,0.0748,-0.2931,0.1006,-11.07,-0.1845,1.0,1.0,0.8225,1.1538,0.8225,1.1538,1.9889,1.1665,2.0111,0.8573,0.0,0.0,0.0,2.0,1-2,Não,,,,Tempo regulamentar/modelado,Real validado,Sim,Tabela base,Não,Sim,1-3,Egito
41,2026-06-22,Fase de grupos,I,2.0,Noruega,Senegal,1.474,1.154,2-1,2,1,Noruega,0.4188,0.2461,0.3351,baixa,0.05,40,12000,0.1624,-0.98,-0.17,-0.08,-0.53,0.4,-0.51,0.9091,0.0361,-1.2,0.0,-1.8,1.0989,0.0,0.5902,0.4292,0.56,-0.0302,-0.0596,-0.4889,-10.06,3.0155,3.0,-2.0,2.6813,-1.644,2.6813,-1.644,3.793,1.1117,1.0546,2.6985,0.0,0.0,0.0,2.0,2-1,Não,,,,Tempo regulamentar/modelado,Real validado,Sim,Tabela base,Não,Sim,3-2,Noruega
42,2026-06-22,Fase de grupos,I,2.0,França,Iraque,1.857,0.798,1-0,1,0,França,0.6429,0.211,0.1461,alta,0.051,41,12000,11.2473,10.06,0.67,0.72,1.09,0.04,-0.08,25.0909,11.3344,1.2,1.0,0.0,1.0962,0.0,0.4979,0.5907,0.56,0.0621,0.0307,-0.56,0.98,3.5995,2.0,-3.0,2.2899,-2.7556,2.2899,-2.7556,3.3885,1.0986,0.8854,3.641,0.0,0.0,0.0,2.0,1-0,Não,,,,Tempo regulamentar/modelado,Real validado,Sim,Tabela base,Não,Sim,3-0,França
43,2026-06-22,Fase de grupos,J,2.0,Argentina,Áustria,1.449,0.97,1-0,1,0,Argentina,0.4612,0.3021,0.2368,baixa,0.051,42,12000,4.057,3.72,0.06,0.93,0.7,0.63,0.48,3.0909,3.66,-2.2,3.0,-3.0,0.0142,0.0,0.0813,0.342,0.56,0.4787,0.2736,-0.0685,8.45,0.4225,0.0,-1.0,0.4182,-1.0447,0.4182,-1.0447,3.2898,2.8716,0.0,1.0447,0.0,0.0,0.0,2.0,1-0,Não,,,,Tempo regulamentar/modelado,Real validado,Sim,Tabela base,Não,Sim,2-0,Argentina
44,2026-06-22,Fase de grupos,J,2.0,Jordânia,Argélia,1.002,1.417,1-2,1,2,Argélia,0.2568,0.2577,0.4855,média,0.052,43,12000,-8.163,-8.45,-1.26,-0.36,-0.9,0.7,0.68,-27.4545,-8.0639,3.0,-2.0,-1.0,0.0121,0.0,0.369,-0.0085,0.0728,-0.2962,-0.45,-0.4415,-3.72,0.0,1.0,0.0,1.1114,0.1726,1.1114,0.1726,1.1114,0.0,2.6993,2.5267,0.0,0.0,0.0,2.0,1-2,Não,,,,Tempo regulamentar/modelado,Real validado,Sim,Tabela base,Não,Sim,1-2,Argélia
45,2026-06-23,Fase de grupos,L,2.0,Inglaterra,Gana,1.496,1.013,2-1,2,1,Inglaterra,0.4626,0.2995,0.2379,baixa,0.053,44,12000,9.3395,9.47,0.98,0.5,0.66,1.57,0.82,2.6364,11.4856,1.2,4.0,2.8,-0.0224,0.0,0.4867,-0.6041,0.56,0.0733,-0.2301,0.3739,3.13,0.1565,3.0,2.0,3.4355,1.7656,3.4355,1.7656,4.531,1.0955,1.7656,0.0,0.0,0.0,0.0,2.0,2-1,Não,,,,Tempo regulamentar/modelado,Real validado,Sim,Tabela base,Não,Sim,0-0,Empate
46,2026-06-23,Fase de grupos,L,2.0,Panamá,Croácia,1.103,1.239,1-2,1,2,Croácia,0.3136,0.3147,0.3718,baixa,0.053,45,12000,-3.2818,-3.13,-0.62,0.96,0.5,-0.24,0.63,-21.2727,-3.0528,3.0,-5.0,-2.0,-0.0231,0.0,-0.6369,0.4923,-0.3372,0.2996,-0.0677,-0.56,-9.47,0.0,-2.0,-3.0,-2.2989,-2.4678,-2.2989,-2.4678,0.0,2.2989,1.0121,3.4799,0.0,0.0,0.0,2.0,1-2,Não,,,,Tempo regulamentar/modelado,Real validado,Sim,Tabela base,Não,Sim,0-1,Croácia
47,2026-06-23,Fase de grupos,K,2.0,Portugal,Uzbequistão,1.669,0.795,1-0,1,0,Portugal,0.556,0.2755,0.1685,média,0.054,46,12000,14.9498,14.75,1.21,1.33,1.44,0.76,0.42,31.0,14.1911,3.0,4.0,2.8,0.3208,0.0,-0.1635,0.3804,-0.0759,0.0875,-0.0593,-0.4397,-5.11,1.1205,0.0,-2.0,-0.0736,-1.734,-0.0736,-1.734,1.0389,1.1125,0.9626,2.6966,0.0,0.0,0.0,2.0,1-0,Não,,,,Tempo regulamentar/modelado,Real validado,Sim,Tabela base,Não,Sim,5-0,Portugal
48,2026-06-23,Fase de grupos,K,2.0,Colômbia,RD Congo,1.274,0.982,1-0,1,0,Colômbia,0.4282,0.2653,0.3065,baixa,0.054,47,12000,5.46,5.11,-0.27,1.24,0.81,1.2,0.6,-2.4545,5.6617,0.0,2.8,1.8,0.692,0.0,0.3964,-0.1696,0.4703,0.074,-0.0818,0.0878,-14.75,1.7898,2.0,0.0,1.6837,0.2073,1.6837,0.2073,2.8845,1.2008,1.04,0.8328,0.0,0.0,0.0,2.0,1-0,Não,,,,Tempo regulamentar/modelado,Real validado,Sim,Tabela base,Não,Sim,1-0,Colômbia
49,2026-06-24,Fase de grupos,C,3.0,Escócia,Brasil,0.969,1.211,0-1,0,1,Brasil,0.2709,0.2807,0.4483,baixa,0.055,48,12000,0.0391,0.86,-0.27,0.41,0.75,0.03,0.13,0.9091,-0.3356,0.0,-4.0,-2.2,-0.6972,0.0,-0.8424,-0.1298,-0.399,0.4434,0.1052,0.2351,0.169,-1.1383,-1.5,0.0,-3.0812,-0.0005,-1.5406,-0.0003,0.5097,2.0503,0.475,0.4753,0.0,0.0,0.0,3.0,0-1,Não,,,,Tempo regulamentar/modelado,Real validado,Sim,Tabela base,Não,Sim,0-3,Brasil
50,2026-06-24,Fase de grupos,C,3.0,Marrocos,Haiti,1.395,0.752,1-0,1,0,Marrocos,0.5543,0.2564,0.1893,média,0.056,49,12000,5.9305,4.31,-0.42,0.29,1.45,-0.47,0.24,6.7273,4.1756,0.0,2.0,2.0,1.3372,0.0,0.5354,0.7905,0.0784,-0.457,0.4272,-0.3633,0.2304,4.9509,1.0,-1.5,2.298,-2.615,1.149,-1.3075,1.149,0.0,0.4339,1.7414,0.0,0.0,0.0,3.0,1-0,Não,,,,Tempo regulamentar/modelado,Real validado,Sim,Tabela base,Não,Sim,4-2,Marrocos
51,2026-06-24,Fase de grupos,B,3.0,Suíça,Canadá,1.158,1.41,1-2,1,2,Canadá,0.2827,0.2553,0.462,baixa,0.056,50,12000,3.2097,3.33,0.3,0.18,0.07,-0.17,0.36,0.7273,6.9317,-2.2,0.0,-3.0,0.01,0.0,0.0342,-0.308,0.5185,0.4843,-0.0619,0.2461,0.085,-0.1695,-1.0,0.5,-2.532,0.9225,-1.266,0.4613,2.4555,3.7216,0.9848,0.5235,0.0,-1.0,0.0,3.0,1-2,Não,,,,Tempo regulamentar/modelado,Real validado,Sim,Tabela base,Não,Sim,2-1,Suíça
52,2026-06-24,Fase de grupos,B,3.0,Bósnia e Herzegovina,Catar,1.137,1.348,1-2,1,2,Catar,0.3393,0.2547,0.406,baixa,0.057,51,12000,-4.866,-5.34,-1.03,-0.41,-1.28,-1.0,-2.07,22.6364,-7.2272,0.0,-4.0,-2.0,0.0271,0.0,0.4452,0.0453,0.1305,-0.3147,-0.4694,-0.5147,0.0797,-0.0555,0.5,-1.0,1.141,-1.8417,0.5705,-0.9209,1.1598,0.5893,2.1368,3.0577,0.0,0.0,0.0,3.0,1-2,Não,,,,Tempo regulamentar/modelado,Real validado,Sim,Tabela base,Não,Sim,3-1,Bósnia e Herzegovina
53,2026-06-24,Fase de grupos,A,3.0,Tchéquia,México,0.496,1.542,0-1,0,1,México,0.1517,0.239,0.6093,alta,0.058,52,12000,-5.705,-4.51,-1.62,0.33,-0.04,-0.83,-1.12,2.7273,-4.4772,0.0,-1.0,-1.8,-1.358,0.0,-0.1027,-0.5098,-0.1003,0.0025,-0.1437,0.3661,-0.3826,-5.587,-0.5,1.5,-0.9811,2.852,-0.4906,1.426,1.0339,1.5245,1.426,0.0,0.0,-1.0,0.0,3.0,0-1,Não,,,,Tempo regulamentar/modelado,Real validado,Sim,Tabela base,Não,Sim,0-3,México
54,2026-06-24,Fase de grupos,A,3.0,África do Sul,Coreia do Sul,0.92,1.446,0-1,0,1,Coreia do Sul,0.2298,0.2515,0.5187,média,0.058,53,12000,-10.6419,-10.2,0.0,-0.7,-0.07,-0.87,-1.28,-16.5455,-12.5911,0.0,-1.0,-1.8,-0.2541,0.0,-0.032,-0.0916,-0.1219,-0.0899,0.0097,0.1013,-0.3642,-2.217,-0.5,0.5,-1.0461,0.921,-0.5231,0.4605,0.519,1.0421,1.3955,0.935,0.0,0.0,0.0,3.0,0-1,Não,,,,Tempo regulamentar/modelado,Real validado,Sim,Tabela base,Não,Sim,1-0,África do Sul
55,2026-06-25,Fase de grupos,E,3.0,Curaçao,Costa do Marfim,0.936,1.433,0-1,0,1,Costa do Marfim,0.2339,0.2537,0.5124,média,0.059,54,12000,-4.7227,-4.09,-0.51,-0.33,0.18,0.53,-0.27,-7.0909,-5.0883,-3.0,-2.0,-3.8,-0.271,0.0,-0.2586,0.0027,-0.2528,0.0058,-0.0068,-0.0095,-0.4729,-2.2363,-0.5,2.5,-1.0343,4.4456,-0.5171,2.2228,0.5636,1.0807,3.1051,0.8823,0.0,0.0,0.0,3.0,0-1,Não,,,,Tempo regulamentar/modelado,Real validado,Sim,Tabela base,Não,Sim,0-2,Costa do Marfim
56,2026-06-25,Fase de grupos,E,3.0,Equador,Alemanha,0.634,1.421,0-1,0,1,Alemanha,0.1542,0.2562,0.5897,alta,0.059,55,12000,-8.7368,-7.31,-1.39,0.74,-1.24,-1.47,-0.2,-6.5455,-7.8644,1.0,-1.2,0.0,-1.3688,0.0,-1.1401,0.3456,-0.5418,0.5983,0.2971,-0.0485,-0.4665,-5.6179,-4.5,-0.5,-9.2279,-0.985,-4.6139,-0.4925,0.0,4.6139,0.4668,0.9593,0.0,0.0,0.0,3.0,0-1,Não,,,,Tempo regulamentar/modelado,Real validado,Sim,Tabela base,Não,Sim,2-1,Equador
57,2026-06-25,Fase de grupos,F,3.0,Japão,Suécia,1.664,1.057,2-1,2,1,Japão,0.5441,0.227,0.2289,média,0.06,56,12000,6.7767,5.97,0.42,0.44,1.83,0.03,0.92,-3.7273,6.0611,3.0,0.0,1.8,0.6436,0.0,0.4665,0.6576,0.7996,0.3331,0.0792,-0.5784,-0.2388,1.2122,0.0,-2.0,0.1961,-3.6409,0.098,-1.8205,3.0379,2.9399,0.8591,2.6796,0.0,0.0,0.0,3.0,2-1,Não,,,,Tempo regulamentar/modelado,Real validado,Sim,Tabela base,Não,Sim,1-1,Empate
58,2026-06-25,Fase de grupos,F,3.0,Tunísia,Países Baixos,0.563,1.978,0-1,0,1,Países Baixos,0.0922,0.1793,0.7285,alta,0.061,57,12000,-14.0212,-12.18,-2.1,-0.78,-0.73,-0.83,-0.82,-8.1818,-14.9317,0.0,-5.0,-2.8,-1.2686,0.0,-0.9802,-0.777,-0.2408,0.7394,-0.9296,-0.1526,-0.26,-4.5346,-3.0,3.0,-6.3754,5.6882,-3.1877,2.8441,0.5146,3.7023,4.2259,1.3818,0.0,0.0,0.0,3.0,0-1,Não,,,,Tempo regulamentar/modelado,Real validado,Sim,Tabela base,Não,Sim,1-3,Países Baixos
59,2026-06-25,Fase de grupos,D,3.0,Turquia,Estados Unidos,0.544,1.687,0-1,0,1,Estados Unidos,0.1044,0.2105,0.685,alta,0.061,58,12000,-4.3267,-2.2,-0.86,0.42,0.16,0.37,0.02,-3.7273,-3.39,0.0,0.0,-1.2,-1.7322,0.0,-1.0801,-0.3923,-0.5879,0.4921,-0.2248,0.1675,-0.6152,-6.6102,-3.0,1.0,-6.0402,1.9236,-3.0201,0.9618,0.0,3.0201,1.4698,0.508,0.0,-1.0,0.0,3.0,0-1,Não,,,,Tempo regulamentar/modelado,Real validado,Sim,Tabela base,Não,Sim,3-2,Turquia
60,2026-06-25,Fase de grupos,D,3.0,Paraguai,Austrália,1.038,1.154,1-2,1,2,Austrália,0.3597,0.2687,0.3717,baixa,0.062,59,12000,-2.3735,-2.14,-0.68,0.41,0.45,-1.13,-0.13,-6.0,-1.3117,0.0,0.0,0.0,0.4663,0.0,0.1584,-0.1059,0.1176,-0.0408,0.0452,0.1512,-0.5889,-0.0367,0.0,1.0,0.055,1.6748,0.0275,0.8374,1.1633,1.1358,1.6678,0.8304,0.0,0.0,0.0,3.0,1-2,Não,,,,Tempo regulamentar/modelado,Real validado,Sim,Tabela base,Não,Sim,0-0,Empate
61,2026-06-26,Fase de grupos,I,3.0,Noruega,França,1.264,1.369,1-2,1,2,França,0.3228,0.3093,0.3679,baixa,0.062,60,12000,0.4425,0.64,-0.22,-0.09,-0.19,0.5,0.01,0.6364,1.4028,-1.2,0.0,0.0,0.0328,0.0,0.1782,-0.4811,0.8494,0.6712,-0.2503,0.2308,-0.0345,-0.0035,0.5,1.0,0.9459,1.9503,0.4729,0.9752,3.5808,3.1079,1.4178,0.4427,0.0,0.0,0.0,3.0,1-2,Não,,,,Tempo regulamentar/modelado,Real validado,Sim,Tabela base,Não,Sim,1-4,França
62,2026-06-26,Fase de grupos,I,3.0,Senegal,Iraque,1.649,1.034,2-1,2,1,Senegal,0.4827,0.2973,0.22,média,0.063,61,12000,11.8217,11.68,0.66,0.67,1.43,0.14,0.44,24.8182,12.7011,1.2,1.0,1.8,-0.0596,0.0,0.4509,-0.0538,0.2418,-0.2091,-0.7093,-0.6555,-0.057,0.0,1.0,-0.5,2.223,-0.9075,1.1115,-0.4538,1.6608,0.5493,2.7068,3.1605,0.0,0.0,0.0,3.0,2-1,Não,,,,Tempo regulamentar/modelado,Real validado,Sim,Tabela base,Não,Sim,5-0,Senegal
63,2026-06-26,Fase de grupos,G,3.0,Egito,Irã,1.187,1.044,2-1,2,1,Egito,0.3735,0.3241,0.3024,baixa,0.064,62,12000,-0.7692,-1.49,-0.72,0.21,-1.0,-0.62,-0.75,14.2727,-2.9417,1.8,1.0,2.0,0.7376,0.0,0.666,-0.149,0.5436,-0.1224,0.1041,0.2531,0.0861,2.1672,1.0,0.0,2.17,-0.1369,1.085,-0.0685,2.0902,1.0052,0.9263,0.9948,0.0,0.0,0.0,3.0,2-1,Não,,,,Tempo regulamentar/modelado,Real validado,Sim,Tabela base,Não,Sim,1-1,Empate
64,2026-06-26,Fase de grupos,G,3.0,Nova Zelândia,Bélgica,0.838,1.463,0-1,0,1,Bélgica,0.1979,0.2485,0.5536,média,0.064,63,12000,-10.3506,-10.12,-0.99,-0.23,-1.29,-1.1,-0.58,-10.7273,-11.7156,0.0,-5.0,-2.0,-0.3289,0.0,0.5937,-0.9177,0.1562,-0.4375,-0.6909,0.2268,0.0928,-1.0415,1.0,2.0,1.9905,4.0318,0.9952,2.0159,1.489,0.4937,2.5222,0.5063,0.0,0.0,0.0,3.0,0-1,Não,,,,Tempo regulamentar/modelado,Real validado,Sim,Tabela base,Não,Sim,1-5,Bélgica
65,2026-06-26,Fase de grupos,H,3.0,Cabo Verde,Arábia Saudita,1.213,1.082,2-1,2,1,Cabo Verde,0.4235,0.268,0.3085,baixa,0.065,64,12000,0.0485,-0.94,-0.82,-0.1,-0.02,-0.27,-0.25,11.5455,-2.0467,0.0,-1.0,-1.8,0.3855,0.0,0.4866,0.5782,0.1657,-0.3209,0.0352,-0.543,0.0487,1.2334,0.5,-1.5,1.0788,-2.4789,0.5394,-1.2394,1.08,0.5406,0.9259,2.1653,0.0,0.0,0.0,3.0,2-1,Não,,,,Tempo regulamentar/modelado,Real validado,Sim,Tabela base,Não,Sim,0-0,Empate
66,2026-06-26,Fase de grupos,H,3.0,Uruguai,Espanha,0.95,1.443,1-2,1,2,Espanha,0.2336,0.2558,0.5107,média,0.066,65,12000,-3.914,-3.04,-0.19,-0.1,-0.89,-0.17,0.48,-4.9091,-4.1656,1.0,-4.0,0.0,-0.7374,0.0,-0.0816,-0.7885,0.2445,0.326,-0.3421,0.4465,0.056,-2.1607,-0.5,1.5,-1.1562,3.0143,-0.5781,1.5071,1.4941,2.0722,1.5071,0.0,0.0,0.0,0.0,3.0,1-2,Não,,,,Tempo regulamentar/modelado,Real validado,Sim,Tabela base,Não,Sim,0-1,Espanha
67,2026-06-27,Fase de grupos,L,3.0,Panamá,Inglaterra,0.89,1.303,0-1,0,1,Inglaterra,0.2361,0.2593,0.5046,média,0.066,66,12000,-4.0598,-2.86,0.06,0.62,1.01,-0.67,1.34,-24.0909,-3.9728,0.0,-5.0,-3.8,-1.0022,0.0,-0.5239,-0.0995,-0.5711,-0.0472,0.0308,0.1303,-0.497,-4.7485,-2.0,0.0,-4.531,0.1327,-2.2655,0.0664,0.0,2.2655,0.9492,0.8828,0.0,0.0,0.0,3.0,0-1,Não,,,,Tempo regulamentar/modelado,Real validado,Sim,Tabela base,Não,Sim,0-2,Inglaterra
68,2026-06-27,Fase de grupos,L,3.0,Croácia,Gana,1.263,0.892,1-0,1,0,Croácia,0.4811,0.2806,0.2383,média,0.067,67,12000,9.0575,9.74,0.64,1.18,1.17,1.14,1.53,-0.1818,10.5656,-1.8,4.0,1.0,0.056,0.0,0.404,-0.7637,0.1249,-0.2792,-0.0331,0.7306,-0.5076,-1.2555,1.0,2.0,2.2929,3.4799,1.1464,1.7399,1.6942,0.5478,1.7399,0.0,0.0,0.0,0.0,3.0,1-0,Não,,,,Tempo regulamentar/modelado,Real validado,Sim,Tabela base,Não,Sim,2-1,Croácia
69,2026-06-27,Fase de grupos,J,3.0,Argélia,Áustria,1.145,1.176,2-1,2,1,Argélia,0.3942,0.2656,0.3402,baixa,0.068,68,12000,-3.3582,-2.95,-0.2,0.83,-0.49,-0.57,-0.56,-1.8182,-4.5056,-4.0,0.0,-3.0,0.4441,0.0,-0.0309,-0.1167,-0.04,-0.0091,-0.2908,-0.1741,-0.6206,-0.0209,-0.5,0.5,-0.9667,0.8606,-0.4833,0.4303,0.9524,1.4358,1.7883,1.358,0.0,0.0,0.0,3.0,2-1,Não,,,,Tempo regulamentar/modelado,Real validado,Sim,Tabela base,Não,Sim,3-3,Empate
70,2026-06-27,Fase de grupos,J,3.0,Jordânia,Argentina,0.475,1.896,0-1,0,1,Argentina,0.0773,0.1827,0.7399,alta,0.068,69,12000,-17.1626,-15.12,-1.36,-0.62,-2.09,-0.5,-0.36,-32.3636,-16.2294,1.2,-5.0,-1.0,-1.6975,0.0,-0.4945,-0.9308,0.0475,0.5419,-0.4469,0.4839,-0.5956,-7.1268,-1.5,2.5,-3.3236,4.5365,-1.6618,2.2682,1.1,2.7618,2.2682,0.0,0.0,0.0,0.0,3.0,0-1,Não,,,,Tempo regulamentar/modelado,Real validado,Sim,Tabela base,Não,Sim,1-3,Argentina
71,2026-06-27,Fase de grupos,K,3.0,Colômbia,Portugal,1.065,1.235,1-2,1,2,Portugal,0.3589,0.2712,0.3698,baixa,0.069,70,12000,-3.165,-3.48,-0.93,0.13,-0.92,0.6,-0.23,-5.0,-3.39,0.0,-1.2,0.0,0.4601,0.0,-0.2793,0.0581,0.2306,0.5099,0.232,0.1739,0.2599,2.267,-1.0,0.0,-1.899,0.0775,-0.9495,0.0387,1.9624,2.9119,0.52,0.4813,0.0,0.0,0.0,3.0,1-2,Não,,,,Tempo regulamentar/modelado,Real validado,Sim,Tabela base,Não,Sim,0-0,Empate
72,2026-06-27,Fase de grupos,K,3.0,RD Congo,Uzbequistão,1.469,0.883,1-0,1,0,RD Congo,0.4734,0.3158,0.2109,média,0.069,71,12000,7.0612,6.16,0.1,0.67,-0.29,0.16,-0.41,28.4545,5.1394,3.0,0.0,1.0,0.1864,0.0,-0.0495,0.9939,-0.2585,-0.209,0.1437,-0.8502,0.335,1.2637,0.0,-3.0,0.0883,-5.141,0.0442,-2.5705,0.6004,0.5563,0.8637,3.4342,0.0,0.0,0.0,3.0,1-0,Não,,,,Tempo regulamentar/modelado,Real validado,Sim,Tabela base,Não,Sim,3-1,RD Congo
73,2026-06-28,16 avos de final,,0.0,África do Sul,Canadá,0.753,1.511,0-1,0,1,Canadá,0.2417,0.2465,0.5118,média,0.07,72,12000,-11.0905,-11.32,-0.39,-1.23,0.13,-0.27,-1.28,-23.9091,-12.9894,-1.0,-1.0,-3.0,0.6493,-0.0561,-0.3358,0.489,-0.0859,0.2499,0.4572,-0.0318,0.6381,0.2181,-2.0,0.0,-6.4875,0.0539,-2.1625,0.018,0.713,2.8755,0.9303,0.9124,0.0,-1.0,1.0,0.0,0-1,Não,,,,Tempo regulamentar/modelado,Real validado,Sim,Tabela base,Não,Sim,0-1,Canadá
74,2026-06-29,16 avos de final,,0.0,Alemanha,Paraguai,1.235,0.765,1-0,1,0,Alemanha,0.4442,0.3491,0.2067,baixa,0.071,73,12000,9.7967,9.59,-0.4,1.7,0.76,1.7,0.43,8.8182,11.0017,0.0,4.0,3.0,-0.0607,0.0774,0.6132,-0.7743,0.3465,-0.2668,-0.4122,0.3621,-4.8177,1.9553,2.6667,0.0,7.9236,0.5392,2.6412,0.1797,3.4167,0.7756,1.2916,1.1119,0.0,0.0,1.0,0.0,1-0,Não,,,,Tempo regulamentar/modelado,Real validado,Sim,Tabela base,Não,Sim,1-1,Paraguai
75,2026-06-29,16 avos de final,,0.0,Países Baixos,Marrocos,1.286,1.0,1-0,1,0,Países Baixos,0.402,0.2594,0.3385,baixa,0.071,74,12000,5.0601,5.26,0.33,1.58,0.27,-0.63,0.42,2.9091,7.305,-1.2,3.0,1.8,-0.0616,0.0166,0.1997,-0.1791,0.8114,0.6117,-0.2386,-0.0595,-4.0558,-0.5637,1.3333,0.3333,3.858,0.9898,1.286,0.3299,3.397,2.1109,1.2801,0.9502,-1.0,0.0,1.0,0.0,1-0,Não,,,,Tempo regulamentar/modelado,Projetado,Sim,Tabela base,Não,Não,,
76,2026-06-29,16 avos de final,,0.0,Brasil,Japão,1.347,0.901,1-0,1,0,Brasil,0.4319,0.335,0.233,baixa,0.071,74,12000,2.2119,1.34,0.25,0.36,-0.92,1.17,0.27,3.0,1.4761,0.0,1.2,0.4,0.7763,0.0277,0.4897,0.4179,0.8526,0.3629,0.4915,0.0737,1.8516,2.6557,0.0,-0.6667,0.4142,-1.7392,0.1381,-0.5797,2.5065,2.3684,0.3168,0.8966,1.0,0.0,1.0,0.0,1-0,Não,,,,Tempo regulamentar/modelado,Real validado,Sim,Tabela base,Não,Sim,2-1,Brasil
77,2026-06-30,16 avos de final,,0.0,França,Suécia,1.578,0.872,1-0,1,0,França,0.5254,0.2298,0.2448,média,0.072,75,12000,6.0634,4.3,0.74,0.45,0.62,0.57,0.86,-0.8182,4.7167,3.0,-1.8,0.0,1.3458,0.0644,0.7751,0.4632,1.003,0.2279,0.2505,-0.2127,-1.8846,5.8626,1.0,-1.6667,3.6535,-4.4645,1.2178,-1.4882,3.5515,2.3337,0.5955,2.0837,-1.0,0.0,1.0,0.0,1-0,Não,,,,Tempo regulamentar/modelado,Projetado,Sim,Tabela base,Não,Não,,
78,2026-06-30,16 avos de final,,0.0,Costa do Marfim,Noruega,1.213,1.079,2-1,2,1,Costa do Marfim,0.3619,0.3045,0.3336,baixa,0.072,75,12000,-2.0527,-2.32,-0.28,0.25,0.49,-0.97,-0.23,-4.1818,-4.0217,1.2,0.0,1.8,0.452,-0.0049,-0.371,0.9985,0.16,0.531,0.2733,-0.7252,0.8257,-0.0363,-1.3333,-1.6667,-4.1149,-4.6265,-1.3716,-1.5422,1.3906,2.7622,0.5882,2.1304,1.0,0.0,1.0,0.0,2-1,Não,,,,Tempo regulamentar/modelado,Projetado,Sim,Tabela base,Não,Não,,
79,2026-06-30,16 avos de final,,0.0,México,Equador,1.31,0.448,1-0,1,0,México,0.6098,0.2677,0.1225,alta,0.072,75,12000,4.9953,3.95,-0.65,1.97,0.37,1.1,0.99,-4.9091,3.1678,-1.0,-1.8,-1.2,0.7078,0.0564,0.3812,0.0775,0.4424,0.0613,0.4238,0.3463,-3.4261,5.0573,1.3333,-0.6667,3.8821,-1.8126,1.294,-0.6042,2.0524,0.7584,0.0,0.6042,1.0,1.0,1.0,0.0,1-0,Não,,,,Tempo regulamentar/modelado,Projetado,Sim,Tabela base,Não,Não,,
80,2026-07-01,16 avos de final,,0.0,Inglaterra,RD Congo,1.297,0.858,1-0,1,0,Inglaterra,0.5032,0.2668,0.2301,média,0.072,75,12000,6.6391,6.01,0.19,0.3,0.7,1.57,0.12,3.2727,8.1867,0.0,4.0,1.8,0.4529,0.0434,-0.0129,0.3072,0.2146,0.2276,0.3725,0.0653,-0.4106,3.9602,0.6667,-0.3333,2.6539,-1.0157,0.8846,-0.3386,2.2337,1.3491,0.5885,0.9271,0.0,0.0,1.0,0.0,1-0,Não,,,,Tempo regulamentar/modelado,Projetado,Sim,Tabela base,Não,Não,,
81,2026-07-01,16 avos de final,,0.0,Estados Unidos,Bósnia e Herzegovina,1.626,0.713,1-0,1,0,Estados Unidos,0.6152,0.2347,0.1501,alta,0.072,75,12000,12.6072,12.76,1.0,1.91,2.08,0.96,1.0,3.0909,12.6272,3.0,2.8,5.0,-0.3427,0.0457,-0.1801,-0.2158,0.4622,0.6423,-0.4495,-0.2337,-3.3545,2.063,1.0,-0.6667,2.7481,-1.5162,0.916,-0.5054,2.7613,1.8453,1.2301,1.7355,-1.0,1.0,1.0,0.0,1-0,Não,,,,Tempo regulamentar/modelado,Projetado,Sim,Tabela base,Não,Não,,
82,2026-07-01,16 avos de final,,0.0,Bélgica,Senegal,1.283,1.082,2-1,2,1,Bélgica,0.3774,0.2737,0.3489,baixa,0.072,75,12000,3.3419,3.11,0.2,0.22,0.48,0.16,0.15,-0.0909,4.6344,-3.0,3.0,-1.8,0.3099,0.025,-0.4483,0.3456,0.2713,0.7196,0.1203,-0.2252,-3.4653,2.36,-0.6667,-1.3333,-2.029,-3.3988,-0.6763,-1.1329,1.9924,2.6688,0.6716,1.8045,0.0,0.0,1.0,0.0,2-1,Não,,,,Tempo regulamentar/modelado,Projetado,Sim,Tabela base,Não,Não,,
83,2026-07-02,16 avos de final,,0.0,Portugal,Croácia,1.143,0.977,2-1,2,1,Portugal,0.4127,0.2809,0.3064,baixa,0.072,75,12000,2.428,2.31,0.13,0.81,0.52,-0.54,0.0,2.0909,1.785,3.0,0.0,1.8,-0.6219,0.0282,-0.3228,0.546,-0.037,0.2858,0.4765,-0.0694,-2.1675,-1.3432,0.3333,-1.3333,0.4429,-3.5211,0.1476,-1.1737,1.9412,1.7936,0.3209,1.4946,0.0,0.0,1.0,0.0,2-1,Não,,,,Tempo regulamentar/modelado,Projetado,Sim,Tabela base,Não,Não,,
84,2026-07-02,16 avos de final,,0.0,Espanha,Áustria,1.386,0.91,1-0,1,0,Espanha,0.5094,0.2579,0.2328,média,0.072,75,12000,2.5905,1.61,0.29,-0.05,0.91,1.2,-0.66,3.2727,0.5917,-1.0,4.0,0.0,1.1043,0.0477,-0.4578,1.2388,0.0962,0.554,0.6199,-0.6189,-2.5495,3.6436,-0.3333,-2.0,-0.9248,-5.4632,-0.3083,-1.8211,1.741,2.0492,0.0,1.8211,1.0,0.0,1.0,0.0,1-0,Não,,,,Tempo regulamentar/modelado,Projetado,Sim,Tabela base,Não,Não,,
85,2026-07-02,16 avos de final,,0.0,Suíça,Argélia,1.521,0.838,1-0,1,0,Suíça,0.4974,0.3114,0.1913,média,0.072,75,12000,7.1789,5.7,-0.21,0.51,0.65,0.63,0.85,3.7273,8.2872,1.8,0.0,0.0,0.9106,0.0595,0.1292,0.7869,0.6627,0.5336,0.096,-0.6909,-2.1946,3.6407,0.6667,-1.3333,1.9693,-3.4357,0.6564,-1.1452,2.4029,1.7464,0.9467,2.0919,3.0,0.0,1.0,0.0,1-0,Não,,,,Tempo regulamentar/modelado,Projetado,Sim,Tabela base,Não,Não,,
86,2026-07-03,16 avos de final,,0.0,Argentina,Cabo Verde,1.482,0.509,1-0,1,0,Argentina,0.6417,0.2423,0.116,alta,0.072,75,12000,13.8774,12.29,0.49,1.61,1.52,0.3,0.91,13.9091,14.5889,-1.2,4.0,0.0,1.3639,0.0742,0.9672,-0.1586,0.698,-0.2692,0.1918,0.3504,-2.0556,6.6624,2.0,-0.3333,6.212,-0.7986,2.0707,-0.2662,2.7907,0.72,0.3511,0.6173,-1.0,0.0,1.0,0.0,1-0,Não,,,,Tempo regulamentar/modelado,Projetado,Sim,Tabela base,Não,Não,,
87,2026-07-03,16 avos de final,,0.0,Colômbia,Gana,1.226,0.622,1-0,1,0,Colômbia,0.5418,0.2798,0.1784,média,0.072,75,12000,8.9789,8.57,0.52,1.44,0.77,1.2,1.3,-3.0909,8.9606,1.2,2.8,2.8,0.7595,0.0399,-0.0219,0.2814,-0.2094,-0.1875,0.5976,0.3162,-4.2969,2.9456,0.6667,-0.3333,1.696,-0.7249,0.5653,-0.2416,1.3083,0.7429,0.3467,0.5883,0.0,0.0,1.0,0.0,1-0,Não,,,,Tempo regulamentar/modelado,Projetado,Sim,Tabela base,Não,Não,,
88,2026-07-03,16 avos de final,,0.0,Austrália,Egito,1.084,0.965,1-0,1,0,Austrália,0.4233,0.2813,0.2954,baixa,0.072,75,12000,3.8523,4.21,0.08,0.22,0.34,0.78,-0.23,15.1818,3.6289,1.2,-1.0,0.0,-0.3863,-0.0259,-0.6987,0.3166,-0.3797,0.319,0.4026,0.086,3.0884,-0.8379,-1.0,-0.3333,-2.9038,-1.1968,-0.9679,-0.3989,0.7572,1.7251,0.5536,0.9526,1.0,0.0,1.0,0.0,1-0,Não,,,,Tempo regulamentar/modelado,Projetado,Sim,Tabela base,Não,Não,,
89,2026-07-04,Oitavas de final,,0.0,Canadá,Países Baixos,1.2,1.103,2-1,2,1,Canadá,0.374,0.2655,0.3604,baixa,0.072,75,12000,-3.0348,-2.5,-0.56,-0.21,0.51,0.0,0.23,-2.8182,-5.2028,2.2,-3.0,1.2,-0.4181,0.0483,-0.552,0.3012,0.0444,0.5964,0.2427,-0.0585,-0.1422,-0.105,-1.0833,-0.5833,-0.5879,-1.1033,-0.9962,-0.5959,2.4007,3.397,0.6843,1.2801,1.0,1.0,1.0,0.0,2-1,Não,,,,Tempo regulamentar/modelado,Projetado,Sim,Derivado do chaveamento,Não,Não,,
90,2026-07-04,Oitavas de final,,0.0,Paraguai,França,0.768,1.326,0-1,0,1,França,0.2089,0.2615,0.5296,média,0.072,75,12000,-7.3438,-5.76,-0.94,-0.08,-0.24,-1.17,-0.27,-10.2727,-6.3889,0.0,-1.0,0.0,-0.7804,-0.0527,-0.8125,0.0101,-0.1016,0.7108,0.3134,0.3033,4.485,-2.9734,-2.5833,0.5833,-7.1969,2.4333,-2.6871,0.4595,0.8644,3.5515,1.055,0.5955,1.0,0.0,1.0,0.0,0-1,Não,,,,Tempo regulamentar/modelado,Projetado,Sim,Derivado do chaveamento,Não,Não,,
91,2026-07-05,Oitavas de final,,0.0,Brasil,Costa do Marfim,1.358,0.812,1-0,1,0,Brasil,0.5258,0.2539,0.2202,média,0.072,75,12000,5.7384,4.69,0.21,0.41,-0.01,1.1,0.55,3.6364,5.4394,0.0,3.0,0.4,0.4859,0.0739,0.5755,0.1256,0.8044,0.2289,0.3492,0.2236,1.2871,5.1634,0.9167,-0.1667,5.5851,0.0798,1.0486,-0.1271,2.4392,1.3906,0.4611,0.5882,1.0,0.0,1.0,0.0,1-0,Não,,,,Tempo regulamentar/modelado,Projetado,Sim,Derivado do chaveamento,Não,Não,,
92,2026-07-05,Oitavas de final,,0.0,México,Inglaterra,1.216,0.775,1-0,1,0,México,0.4334,0.3464,0.2203,baixa,0.072,75,12000,-2.0804,-2.4,-0.05,1.12,-0.51,-0.57,0.85,-13.9091,-4.1511,0.0,-3.0,0.0,0.2618,-0.0039,0.1765,-0.0118,0.3068,0.1303,0.386,0.3978,-3.0058,1.6603,0.0,-0.6667,-0.5439,-1.7656,-0.1813,-0.5885,2.0524,2.2337,0.0,0.5885,1.0,1.0,1.0,0.0,1-0,Não,,,,Tempo regulamentar/modelado,Projetado,Sim,Derivado do chaveamento,Não,Não,,
93,2026-07-06,Oitavas de final,,0.0,Portugal,Espanha,1.096,1.054,1-2,1,2,Espanha,0.3352,0.2708,0.394,baixa,0.072,75,12000,1.2687,1.71,0.94,0.17,-0.09,-1.04,0.97,0.0,1.1044,0.0,-1.0,-1.2,-0.5043,0.0005,0.0645,-0.2356,0.088,0.0236,0.3693,0.6049,0.5471,-2.4775,0.3333,0.3333,0.6009,0.9626,0.2003,0.3209,1.9412,1.741,0.3209,0.0,0.0,0.0,1.0,0.0,1-2,Não,,,,Tempo regulamentar/modelado,Projetado,Sim,Derivado do chaveamento,Não,Não,,
94,2026-07-06,Oitavas de final,,0.0,Estados Unidos,Bélgica,1.342,0.942,1-0,1,0,Estados Unidos,0.4456,0.2637,0.2907,baixa,0.072,75,12000,-0.0011,0.06,0.36,0.75,-0.07,-0.3,-0.23,-1.2727,-1.7339,3.0,-1.2,3.0,-0.362,-0.0275,-0.0202,-0.3734,0.2884,0.3087,-0.2685,0.105,3.2822,1.2847,0.6667,0.6667,2.3066,1.6755,0.7689,0.5585,2.7613,1.9924,1.2301,0.6716,0.0,1.0,1.0,0.0,1-0,Não,,,,Tempo regulamentar/modelado,Projetado,Sim,Derivado do chaveamento,Não,Não,,
95,2026-07-07,Oitavas de final,,0.0,Argentina,Austrália,1.401,0.649,1-0,1,0,Argentina,0.5803,0.257,0.1627,alta,0.072,75,12000,10.5672,9.47,0.55,1.0,1.76,0.27,1.12,4.3636,11.9733,-1.2,4.0,0.0,0.8772,0.0297,0.7942,-0.2201,0.488,-0.3062,0.2092,0.4292,-3.1329,5.4197,2.0,-0.3333,6.1004,-0.6077,2.0335,-0.2026,2.7907,0.7572,0.3511,0.5536,0.0,0.0,1.0,0.0,1-0,Não,,,,Tempo regulamentar/modelado,Projetado,Sim,Derivado do chaveamento,Não,Não,,
96,2026-07-07,Oitavas de final,,0.0,Suíça,Colômbia,1.127,0.872,1-0,1,0,Suíça,0.3884,0.2808,0.3307,baixa,0.072,75,12000,3.0893,2.91,-0.4,0.78,0.26,-0.7,0.21,3.6364,5.4756,-1.2,-1.8,-1.8,0.3592,0.0126,0.6389,-0.3556,0.4487,-0.1903,0.1847,0.5403,-0.2007,0.1899,1.0,0.6667,3.2839,1.8,1.0946,0.6,2.4029,1.3083,0.9467,0.3467,1.0,0.0,1.0,0.0,1-0,Não,,,,Tempo regulamentar/modelado,Projetado,Sim,Derivado do chaveamento,Não,Não,,
97,2026-07-09,Quartas de final,,0.0,Canadá,França,1.231,1.094,2-1,2,1,Canadá,0.432,0.2624,0.3055,baixa,0.072,75,12000,0.1322,1.55,0.36,-0.1,0.46,-0.17,0.43,-1.8182,0.0861,1.0,0.0,3.0,-0.4072,0.0599,-0.3683,-0.1238,0.1474,0.5158,0.2039,0.3277,-0.1684,-2.7117,-1.0833,0.0833,-1.0516,0.9506,-1.1508,0.0888,2.4007,3.5515,0.6843,0.5955,0.0,1.0,1.0,0.0,2-1,Não,,,,Tempo regulamentar/modelado,Projetado,Sim,Derivado do chaveamento,Não,Não,,
98,2026-07-10,Quartas de final,,0.0,Espanha,Estados Unidos,0.997,1.294,0-1,0,1,Estados Unidos,0.3379,0.2589,0.4031,baixa,0.072,75,12000,-0.1061,-1.05,-0.38,-1.04,0.53,0.84,-0.6,1.9091,-0.4394,0.0,2.2,0.0,0.4895,0.0358,-0.0214,0.5628,0.1556,0.177,0.4857,-0.0771,-0.4138,1.2408,-1.0,-1.3333,-3.061,-3.6903,-1.0203,-1.2301,1.741,2.7613,0.0,1.2301,0.0,-1.0,1.0,0.0,0-1,Não,,,,Tempo regulamentar/modelado,Projetado,Sim,Derivado do chaveamento,Não,Não,,
99,2026-07-11,Quartas de final,,0.0,Brasil,México,0.909,1.071,0-1,0,1,México,0.2882,0.2874,0.4243,baixa,0.072,75,12000,3.0906,2.54,-1.1,0.43,0.64,0.47,-0.62,13.0,2.9044,0.0,3.0,0.4,0.0615,0.049,0.3718,-0.0314,0.581,0.2092,0.3777,0.4091,3.4081,1.8313,0.25,0.5,3.5996,1.8444,0.3868,0.4611,2.4392,2.0524,0.4611,0.0,0.0,-1.0,1.0,0.0,0-1,Não,,,,Tempo regulamentar/modelado,Projetado,Sim,Derivado do chaveamento,Não,Não,,
100,2026-07-11,Quartas de final,,0.0,Suíça,Argentina,1.034,1.158,1-2,1,2,Argentina,0.3249,0.2622,0.4129,baixa,0.072,75,12000,-1.3527,-0.97,-0.31,0.25,-0.54,-0.57,-0.19,-1.1818,0.1217,0.0,-3.0,0.0,-0.0485,0.0158,0.0027,0.0168,0.3328,0.3302,0.2616,0.2448,0.8215,-2.2646,-0.3333,0.6667,-1.1634,1.7869,-0.3878,0.5956,2.4029,2.7907,0.9467,0.3511,0.0,0.0,1.0,0.0,1-2,Não,,,,Tempo regulamentar/modelado,Projetado,Sim,Derivado do chaveamento,Não,Não,,
101,2026-07-14,Semifinais,,0.0,Canadá,Estados Unidos,1.096,1.21,1-2,1,2,Estados Unidos,0.3636,0.2594,0.377,baixa,0.072,75,12000,-2.9673,-3.24,-0.54,-0.67,-0.29,-0.13,-0.01,-0.1818,-4.1811,1.0,-1.8,0.0,0.1317,0.0635,0.1238,0.0893,0.2198,0.096,0.1718,0.0825,-0.9751,0.8669,-0.4167,-0.5833,1.3191,-0.9532,-0.3606,-0.5458,2.4007,2.7613,0.6843,1.2301,1.0,0.0,1.0,0.0,1-2,Não,,,,Tempo regulamentar/modelado,Projetado,Sim,Derivado do chaveamento,Não,Não,,
102,2026-07-15,Semifinais,,0.0,México,Argentina,1.026,0.91,1-0,1,0,México,0.3533,0.3053,0.3414,baixa,0.072,75,12000,-5.6258,-5.38,-0.9,1.05,-1.42,-0.07,-0.03,-13.0,-6.98,1.2,-3.0,1.8,0.0138,0.0065,-0.225,0.2514,0.1532,0.3781,0.4472,0.1958,-0.7492,-0.266,-0.6667,-0.3333,-2.2148,-1.0532,-0.7383,-0.3511,2.0524,2.7907,0.0,0.3511,0.0,1.0,1.0,0.0,1-0,Não,,,,Tempo regulamentar/modelado,Projetado,Sim,Derivado do chaveamento,Não,Não,,
103,2026-07-18,Disputa de 3º lugar,,0.0,Canadá,Argentina,1.13,1.108,1-2,1,2,Argentina,0.3591,0.2669,0.374,baixa,0.072,75,12000,-5.3152,-4.3,-0.28,-0.26,-0.61,-0.4,-0.55,-1.9091,-6.81,2.2,-3.0,3.0,-0.1755,0.0483,-0.0158,-0.1008,0.1575,0.1734,0.0554,0.1562,-0.002,-2.6706,-0.4167,0.4167,1.2309,1.6839,-0.39,0.3332,2.4007,2.7907,0.6843,0.3511,1.0,1.0,1.0,0.0,1-2,Não,,,,Tempo regulamentar/modelado,Projetado,Sim,Derivado do chaveamento,Não,Não,,
104,2026-07-19,Final,,0.0,Estados Unidos,México,1.032,0.967,1-0,1,0,Estados Unidos,0.409,0.2758,0.3152,baixa,0.072,75,12000,3.2576,4.32,-0.64,1.16,1.1,-0.2,-0.51,11.2727,4.3511,0.0,1.8,1.2,-0.281,-0.0134,0.0684,-0.4032,0.1841,0.1157,0.0777,0.4809,0.8968,-3.2715,0.6667,1.3333,2.1265,3.6903,0.7088,1.2301,2.7613,2.0524,1.2301,0.0,1.0,0.0,1.0,0.0,1-0,Não,,,,Tempo regulamentar/modelado,Projetado,Sim,Derivado do chaveamento,Não,Não,,
